bioguide_id,crp_id,first_name,last_name,date_of_birth,gender,party,state,seniority,leadership_role,url,total_votes,missed_votes,missed_votes_pct,total_present,votes_with_party_pct,votes_against_party_pct
A000360,N00009888,Lamar,Alexander,1940-07-03,M,R,TN,15,,https://www.alexander.senate.gov/public,599,27,4.51,0,97.0,3.0
B001230,N00004367,Tammy,Baldwin,1962-02-11,F,D,WI,5,,https://www.baldwin.senate.gov,599,3,0.5,1,95.92,4.08
B001261,N00006236,John,Barrasso,1952-07-21,M,R,WY,11,Policy Committee Chair,https://www.barrasso.senate.gov,599,1,0.17,0,97.13,2.87
B001267,N00030608,Michael,Bennet,1964-11-28,M,D,CO,9,,https://www.bennet.senate.gov/public,599,5,0.83,1,92.31,7.69
B001277,N00031685,Richard,Blumenthal,1946-02-13,M,D,CT,7,,https://www.blumenthal.senate.gov,599,3,0.5,1,92.5,7.5
B000575,N00005195,Roy,Blunt,1950-01-10,M,R,MO,7,,https://www.blunt.senate.gov,599,14,2.34,0,99.14,0.86
B001288,N00035267,Cory,Booker,1969-04-27,M,D,NJ,5,,https://www.booker.senate.gov,599,28,4.67,1,86.32,13.68
B001236,N00013873,John,Boozman,1950-12-10,M,R,AR,7,,https://www.boozman.senate.gov/public,599,4,0.67,0,99.15,0.85
B000944,N00003535,Sherrod,Brown,1952-11-09,M,D,OH,11,,https://www.brown.senate.gov,599,2,0.33,1,95.41,4.59
B001135,N00002221,Richard,Burr,1955-11-30,M,R,NC,13,,https://www.burr.senate.gov,599,25,4.17,0,98.42,1.58
C000127,N00007836,Maria,Cantwell,1958-10-13,F,D,WA,17,,https://www.cantwell.senate.gov,599,2,0.33,1,96.77,3.23
C001047,N00009771,Shelley,Capito,1953-11-26,F,R,WV,3,,https://www.capito.senate.gov,599,6,1.0,0,97.96,2.04
C000141,N00001955,Benjamin,Cardin,1943-10-05,M,D,MD,11,,https://www.cardin.senate.gov,599,5,0.83,1,96.75,3.25
C000174,N00012508,Thomas,Carper,1947-01-23,M,D,DE,17,,https://www.carper.senate.gov/public,599,6,1.0,1,91.27,8.73
C001070,N00027503,Bob,Casey,1960-04-13,M,D,PA,11,,https://www.casey.senate.gov,599,1,0.17,1,95.76,4.24
C001075,N00030245,Bill,Cassidy,1957-09-28,M,R,LA,3,,https://www.cassidy.senate.gov,599,6,1.0,0,97.11,2.89
C000567,N00003328,Thad,Cochran,1937-12-07,M,R,MS,39,,https://www.cochran.senate.gov,388,37,9.54,0,99.71,0.29
C001035,N00000491,Susan,Collins,1952-12-07,F,R,ME,21,,https://www.collins.senate.gov,599,0,0.0,0,90.4,9.6
C001088,N00031820,Christopher,Coons,1963-09-09,M,D,DE,9,,https://www.coons.senate.gov,599,23,3.84,1,91.55,8.45
C001071,N00027441,Bob,Corker,1952-08-24,M,R,TN,11,,https://www.corker.senate.gov,599,25,4.17,0,94.39,5.61
C001056,N00024852,John,Cornyn,1952-02-02,M,R,TX,15,Assistant Leader,https://www.cornyn.senate.gov,599,2,0.33,0,98.99,1.01
C001113,N00037161,Catherine,Cortez Masto,1964-03-29,F,D,NV,1,,https://www.cortezmasto.senate.gov,599,10,1.67,1,92.41,7.59
C001095,N00033363,Tom,Cotton,1977-05-13,M,R,AR,3,,https://www.cotton.senate.gov,599,2,0.33,0,97.3,2.7
C000880,N00006267,Michael,Crapo,1951-05-20,M,R,ID,19,,https://www.crapo.senate.gov,599,5,0.83,0,96.77,3.23
C001098,N00033085,Ted,Cruz,1970-12-22,M,R,TX,5,,https://www.cruz.senate.gov,599,32,5.34,0,95.91,4.09
D000618,N00033054,Steve,Daines,1962-08-20,M,R,MT,3,,https://www.daines.senate.gov,599,2,0.33,0,95.61,4.39
D000607,N00026586,Joe,Donnelly,1955-09-28,M,D,IN,5,,https://www.donnelly.senate.gov,599,8,1.34,0,79.42,20.58
D000622,N00027860,Tammy,Duckworth,1968-03-12,F,D,IL,1,,https://www.duckworth.senate.gov,599,77,12.85,1,93.82,6.18
D000563,N00004981,Richard,Durbin,1944-11-21,M,D,IL,21,Minority Whip,https://www.durbin.senate.gov,599,15,2.5,1,94.43,5.57
E000285,N00006249,Michael,Enzi,1944-02-01,M,R,WY,21,,https://www.enzi.senate.gov,599,1,0.17,0,96.12,3.88
E000295,N00035483,Joni,Ernst,1970-07-01,F,R,IA,3,,https://www.ernst.senate.gov/public,599,1,0.17,0,97.64,2.36
F000062,N00007364,Dianne,Feinstein,1933-06-22,F,D,CA,25,,https://www.feinstein.senate.gov,599,37,6.18,1,93.13,6.87
F000463,N00033443,Deb,Fischer,1951-03-01,F,R,NE,5,,https://www.fischer.senate.gov,599,4,0.67,0,98.31,1.69
F000444,N00009573,Jeff,Flake,1962-12-31,M,R,AZ,5,,https://www.flake.senate.gov/public,599,48,8.01,1,91.94,8.06
F000457,N00029016,Al,Franken,1951-05-21,M,D,MN,9,,https://www.franken.senate.gov/,325,13,4.0,1,98.71,1.29
G000562,N00030780,Cory,Gardner,1974-08-22,M,R,CO,3,,https://www.gardner.senate.gov,599,2,0.33,0,97.8,2.2
G000555,N00027658,Kirsten,Gillibrand,1966-12-09,F,D,NY,9,,https://www.gillibrand.senate.gov,599,2,0.33,1,81.29,18.71
G000359,N00009975,Lindsey,Graham,1955-07-09,M,R,SC,15,,https://www.lgraham.senate.gov/public,599,36,6.01,0,96.95,3.05
G000386,N00001758,Charles,Grassley,1933-09-17,M,R,IA,37,,https://www.grassley.senate.gov,599,0,0.0,0,96.8,3.2
H001075,N00036915,Kamala,Harris,1964-10-20,F,D,CA,1,,https://www.harris.senate.gov,599,2,0.33,1,85.71,14.29
H001076,N00038397,Margaret,Hassan,1958-02-27,F,D,NH,1,,https://www.hassan.senate.gov,599,3,0.5,1,94.56,5.44
H000338,N00009869,Orrin,Hatch,1934-03-22,M,R,UT,41,,https://www.hatch.senate.gov,599,3,0.5,0,97.97,2.03
H001046,N00029835,Martin,Heinrich,1971-10-17,M,D,NM,5,,https://www.heinrich.senate.gov,599,26,4.34,1,94.86,5.14
H001069,N00033782,Heidi,Heitkamp,1955-10-30,F,D,ND,5,,https://www.heitkamp.senate.gov/public,599,17,2.84,0,78.19,21.82
H001041,N00027522,Dean,Heller,1960-05-10,M,R,NV,7,,https://www.heller.senate.gov/public,599,29,4.84,0,94.34,5.66
H001042,N00028139,Mazie,Hirono,1947-11-03,F,D,HI,5,,https://www.hirono.senate.gov,599,12,2.0,1,90.66,9.34
H001061,N00031688,John,Hoeven,1957-03-13,M,R,ND,7,,https://www.hoeven.senate.gov,599,7,1.17,0,99.15,0.85
H001079,N00043298,Cindy,Hyde-Smith,1959-05-10,F,R,MS,1,,https://www.hydesmith.senate.gov,211,6,2.84,0,97.03,2.97
I000024,N00005582,James,Inhofe,1934-11-17,M,R,OK,25,,https://www.inhofe.senate.gov,599,15,2.5,0,98.45,1.55
I000055,N00002593,Johnny,Isakson,1944-12-28,M,R,GA,13,,https://www.isakson.senate.gov,599,65,10.85,0,98.3,1.7
J000293,N00032546,Ron,Johnson,1955-04-08,M,R,WI,7,,https://www.ronjohnson.senate.gov,599,5,0.83,0,96.6,3.4
J000300,N00024817,Doug,Jones,1954-05-04,M,D,AL,1,,https://www.jones.senate.gov,274,5,1.82,0,81.37,18.63
K000384,N00033177,Tim,Kaine,1958-02-26,M,D,VA,5,,https://www.kaine.senate.gov,599,3,0.5,1,94.21,5.79
K000393,N00026823,John,Kennedy,1951-11-21,M,R,LA,1,,https://www.kennedy.senate.gov/public,599,2,0.33,0,95.27,4.73
K000383,N00034580,Angus,King,1944-03-31,M,ID,ME,5,,https://www.king.senate.gov,599,0,0.0,0,87.12,12.88
K000367,N00027500,Amy,Klobuchar,1960-05-25,F,D,MN,11,,https://www.klobuchar.senate.gov,599,3,0.5,1,97.1,2.9
K000352,N00006406,Jon,Kyl,1942-04-25,M,R,AZ,1,,,72,1,1.39,0,95.77,4.23
L000575,N00031129,James,Lankford,1968-03-04,M,R,OK,3,,https://www.lankford.senate.gov,599,2,0.33,0,96.11,3.89
L000174,N00009918,Patrick,Leahy,1940-03-31,M,D,VT,43,,https://www.leahy.senate.gov,599,17,2.84,1,95.48,4.52
L000577,N00031696,Mike,Lee,1971-06-04,M,R,UT,7,,https://www.lee.senate.gov/public,599,10,1.67,0,84.08,15.92
M001183,N00032838,Joe,Manchin,1947-08-24,M,D,WV,9,,https://www.manchin.senate.gov,599,5,0.83,0,73.85,26.15
M000133,N00000270,Edward,Markey,1946-07-11,M,D,MA,5,,https://www.markey.senate.gov,599,3,0.5,1,86.54,13.46
M000303,N00006424,John,McCain,1936-08-29,M,R,AZ,31,,https://www.mccain.senate.gov,518,236,45.56,0,92.53,7.47
M001170,N00027694,Claire,McCaskill,1953-07-24,F,D,MO,11,,https://www.mccaskill.senate.gov,599,17,2.84,1,84.99,15.01
M000355,N00003389,Mitch,McConnell,1942-02-20,M,R,KY,33,Majority Leader,https://www.mcconnell.senate.gov,599,0,0.0,1,98.65,1.35
M000639,N00000699,Robert,Menendez,1954-01-01,M,D,NJ,12,,https://www.menendez.senate.gov,599,84,14.02,1,92.91,7.09
M001176,N00029303,Jeff,Merkley,1956-10-24,M,D,OR,9,,https://www.merkley.senate.gov,599,10,1.67,1,85.34,14.66
M000934,N00005282,Jerry,Moran,1954-05-29,M,R,KS,7,,https://www.moran.senate.gov,599,26,4.34,0,95.6,4.4
M001153,N00026050,Lisa,Murkowski,1957-05-22,F,R,AK,17,,https://www.murkowski.senate.gov,599,18,3.01,1,92.88,7.12
M001169,N00027566,Christopher,Murphy,1973-08-03,M,D,CT,5,,https://www.murphy.senate.gov,599,3,0.5,1,95.57,4.43
M001111,N00007876,Patty,Murray,1950-10-11,F,D,WA,25,Assistant Leader,https://www.murray.senate.gov/public,599,16,2.67,1,96.86,3.14
N000032,N00009926,Bill,Nelson,1942-09-29,M,D,FL,17,,https://www.billnelson.senate.gov,599,38,6.34,1,89.31,10.69
P000603,N00030836,Rand,Paul,1963-01-07,M,R,KY,7,,https://www.paul.senate.gov,599,21,3.51,0,80.28,19.72
P000612,N00035516,David,Perdue,1949-12-10,M,R,GA,3,,https://www.perdue.senate.gov,599,7,1.17,1,97.62,2.39
P000595,N00029277,Gary,Peters,1958-12-01,M,D,MI,3,,https://www.peters.senate.gov,599,5,0.83,1,92.14,7.86
P000449,N00003682,Rob,Portman,1955-12-19,M,R,OH,7,,https://www.portman.senate.gov,599,4,0.67,0,98.31,1.69
R000122,N00000362,Jack,Reed,1949-11-12,M,D,RI,21,,https://www.reed.senate.gov,599,0,0.0,1,94.92,5.08
R000584,N00029441,Jim,Risch,1943-05-03,M,R,ID,9,,https://www.risch.senate.gov,599,5,0.83,0,95.76,4.24
R000307,N00005285,Pat,Roberts,1936-04-20,M,R,KS,21,,https://www.roberts.senate.gov,599,7,1.17,0,98.47,1.53
R000605,N00035187,Mike,Rounds,1954-10-24,M,R,SD,3,,https://www.rounds.senate.gov,599,9,1.5,0,98.29,1.71
R000595,N00030612,Marco,Rubio,1971-05-28,M,R,FL,7,,https://www.rubio.senate.gov,599,35,5.84,0,97.14,2.86
S000033,N00000528,Bernard,Sanders,1941-09-08,M,ID,VT,11,,https://www.sanders.senate.gov,599,15,2.5,1,80.9,19.1
S001197,N00035544,Ben,Sasse,1972-02-22,M,R,NE,3,,https://www.sasse.senate.gov/public,599,6,1.0,0,94.9,5.1
S001194,N00028138,Brian,Schatz,1972-10-20,M,D,HI,5,,https://www.schatz.senate.gov,599,12,2.0,1,92.39,7.61
S000148,N00001093,Charles,Schumer,1950-11-23,M,D,NY,19,Minority Leader,https://www.schumer.senate.gov,599,1,0.17,1,95.25,4.75
S001184,N00031782,Tim,Scott,1965-09-19,M,R,SC,5,,https://www.scott.senate.gov,599,5,0.83,0,98.3,1.7
S001141,N00003062,Jeff,Sessions,1946-12-24,M,R,AL,21,,http://www.sessions.senate.gov/public,60,39,65.0,2,90.48,9.52
S001181,N00024790,Jeanne,Shaheen,1947-01-28,F,D,NH,9,,https://www.shaheen.senate.gov,599,18,3.01,1,93.01,6.99
S000320,N00009920,Richard,Shelby,1934-05-06,M,R,AL,31,,https://www.shelby.senate.gov,599,5,0.83,0,97.79,2.21
S001203,N00042353,Tina,Smith,1958-03-04,F,D,MN,1,,https://www.smith.senate.gov,274,0,0.0,0,98.13,1.87
S000770,N00004118,Debbie,Stabenow,1950-04-29,F,D,MI,17,Policy Committee Chair,https://www.stabenow.senate.gov,599,5,0.83,1,92.48,7.52
S001202,N00040607,Luther,Strange,1953-03-01,M,R,AL,1,,https://www.strange.senate.gov/,265,9,3.4,0,97.25,2.75
S001198,N00035774,Dan,Sullivan,1964-11-13,M,R,AK,3,,https://www.sullivan.senate.gov,599,20,3.34,0,97.74,2.26
T000464,N00027605,Jon,Tester,1956-08-21,M,D,MT,11,,https://www.tester.senate.gov,599,6,1.0,0,88.53,11.47
T000250,N00004572,John,Thune,1961-01-07,M,R,SD,13,Conference Chair,https://www.thune.senate.gov,599,0,0.0,0,99.33,0.67
T000476,N00035492,Thom,Tillis,1960-08-30,M,R,NC,3,,https://www.tillis.senate.gov,599,33,5.51,0,99.11,0.89
T000461,N00001489,Patrick,Toomey,1961-11-17,M,R,PA,7,,https://www.toomey.senate.gov,599,28,4.67,0,94.0,6.0
U000039,N00006561,Tom,Udall,1948-05-18,M,D,NM,10,,https://www.tomudall.senate.gov,599,6,1.0,1,94.01,5.99
V000128,N00013820,Chris,Van Hollen,1959-01-10,M,D,MD,1,,https://www.vanhollen.senate.gov,599,4,0.67,1,96.08,3.92
W000805,N00002097,Mark,Warner,1954-12-15,M,D,VA,9,,https://www.warner.senate.gov,599,9,1.5,1,89.33,10.67
W000817,N00033492,Elizabeth,Warren,1949-06-22,F,D,MA,5,,https://www.warren.senate.gov,599,0,0.0,1,83.22,16.78
W000802,N00027533,Sheldon,Whitehouse,1955-10-20,M,D,RI,11,,https://www.whitehouse.senate.gov,599,4,0.67,1,95.56,4.44
W000437,N00003280,Roger,Wicker,1951-07-05,M,R,MS,11,,https://www.wicker.senate.gov,599,2,0.33,0,98.48,1.52
W000779,N00007724,Ron,Wyden,1949-05-03,M,D,OR,22,,https://www.wyden.senate.gov,599,2,0.33,2,88.61,11.39
Y000064,N00030670,Todd,Young,1972-08-24,M,R,IN,1,,https://www.young.senate.gov,599,4,0.67,0,97.8,2.2
A000374,N00036633,Ralph,Abraham,1954-09-16,M,R,LA,4,,https://abraham.house.gov,1211,18,1.49,0,97.56,2.44
A000370,N00035451,Alma,Adams,1946-05-27,F,D,NC,6,,https://adams.house.gov,1211,32,2.64,2,98.52,1.48
A000055,N00003028,Robert,Aderholt,1965-07-22,M,R,AL,22,,https://aderholt.house.gov,1211,50,4.13,0,97.58,2.42
A000371,N00033997,Pete,Aguilar,1979-06-19,M,D,CA,4,,https://aguilar.house.gov,1211,14,1.16,2,95.19,4.81
A000372,N00033720,Rick,Allen,1951-11-07,M,R,GA,4,,https://allen.house.gov,1211,16,1.32,0,98.57,1.43
A000367,N00031938,Justin,Amash,1980-04-18,M,R,MI,8,,https://amash.house.gov,1211,1,0.08,2,66.2,33.8
A000369,N00031177,Mark,Amodei,1958-06-12,M,R,NV,8,,https://amodei.house.gov,1211,36,2.97,2,96.41,3.59
A000375,N00038285,Jodey,Arrington,1972-03-09,M,R,TX,2,,https://arrington.house.gov,1211,32,2.64,0,99.23,0.77
B001291,N00005736,Brian,Babin,1948-03-23,M,R,TX,4,,https://babin.house.gov,1211,20,1.65,0,96.29,3.71
B001298,N00037049,Don,Bacon,1963-08-16,M,R,NE,2,,https://bacon.house.gov,1211,1,0.08,0,96.84,3.16
B001306,N00042194,Troy,Balderson,1962-01-16,M,R,OH,2,,https://balderson.house.gov/,116,1,0.86,0,100.0,0.0
B001299,N00037185,Jim,Banks,1979-07-16,M,R,IN,2,,https://banks.house.gov,1211,5,0.41,0,97.42,2.58
B001269,N00025495,Lou,Barletta,1956-01-28,M,R,PA,8,,https://barletta.house.gov,1211,139,11.48,0,95.87,4.13
B001282,N00031233,Andy,Barr,1973-07-24,M,R,KY,6,,https://barr.house.gov,1211,22,1.82,0,97.21,2.79
B001300,N00037019,Nanette,Barragán,1976-09-15,F,D,CA,2,,https://barragan.house.gov,1211,31,2.56,2,97.22,2.79
B000213,N00005656,Joe,Barton,1949-09-15,M,R,TX,34,,https://joebarton.house.gov,1211,56,4.62,0,96.52,3.48
B001270,N00031877,Karen,Bass,1953-10-03,F,D,CA,8,,https://bass.house.gov,1211,104,8.59,0,96.19,3.81
B001281,N00033904,Joyce,Beatty,1950-03-12,F,D,OH,6,,https://beatty.house.gov,1211,68,5.62,2,97.22,2.78
B000287,N00009774,Xavier,Becerra,1958-01-26,M,D,CA,26,,http://becerra.house.gov,61,42,68.85,0,100.0,0.0
B001287,N00030717,Ami,Bera,1965-03-02,M,D,CA,6,,https://bera.house.gov,1211,1,0.08,0,93.3,6.7
B001301,N00039533,Jack,Bergman,1947-02-02,M,R,MI,2,,https://bergman.house.gov,1211,12,0.99,0,94.13,5.87
B001292,N00036018,Donald,Beyer,1950-06-20,M,D,VA,4,,https://beyer.house.gov,1211,58,4.79,1,96.62,3.38
B001302,N00039293,Andy,Biggs,1958-11-07,M,R,AZ,2,,https://biggs.house.gov,1211,4,0.33,0,85.35,14.65
B001257,N00027462,Gus,Bilirakis,1963-02-08,M,R,FL,14,,https://bilirakis.house.gov,1211,53,4.38,0,98.52,1.48
B001293,N00036449,Mike,Bishop,1967-03-18,M,R,MI,4,,https://mikebishop.house.gov,1211,54,4.46,0,95.48,4.52
B001250,N00025292,Rob,Bishop,1951-07-13,M,R,UT,16,,https://robbishop.house.gov,1211,33,2.73,0,97.44,2.56
B000490,N00002674,Sanford,Bishop,1947-02-04,M,D,GA,26,,https://bishop.house.gov,1211,46,3.8,1,93.4,6.6
B001273,N00031539,Diane,Black,1951-01-16,F,R,TN,8,,https://black.house.gov,1211,320,26.42,0,98.31,1.69
B001243,N00003105,Marsha,Blackburn,1952-06-06,F,R,TN,16,,https://www.blackburn.senate.gov,1211,196,16.19,0,96.45,3.55
B001294,N00033744,Rod,Blum,1955-04-26,M,R,IA,4,,https://blum.house.gov,1211,67,5.53,2,90.33,9.67
B000574,N00007727,Earl,Blumenauer,1948-08-16,M,D,OR,24,,https://blumenauer.house.gov,1211,73,6.03,2,94.86,5.14
B001303,N00038414,Lisa,Blunt Rochester,1962-02-10,F,D,DE,2,,https://bluntrochester.house.gov,1211,19,1.57,2,97.68,2.32
B001278,N00033474,Suzanne,Bonamici,1954-10-14,F,D,OR,8,,https://bonamici.house.gov,1211,7,0.58,2,95.91,4.09
B001245,N00024866,Madeleine,Bordallo,1933-05-31,F,D,GU,16,,https://bordallo.house.gov,0,,,,,
B001295,N00035420,Mike,Bost,1960-12-30,M,R,IL,4,,https://bost.house.gov,1211,7,0.58,0,93.41,6.59
B001296,N00035307,Brendan,Boyle,1977-02-06,M,D,PA,4,,https://boyle.house.gov,1211,71,5.86,2,96.76,3.24
B000755,N00005883,Kevin,Brady,1955-04-11,M,R,TX,22,,https://kevinbrady.house.gov,1211,52,4.29,0,98.53,1.47
B001227,N00001619,Robert,Brady,1945-04-07,M,D,PA,22,,https://brady.house.gov,1211,92,7.6,1,97.35,2.65
B001290,N00036013,David,Brat,1964-07-27,M,R,VA,6,,https://brat.house.gov,1211,22,1.82,0,95.35,4.65
B001283,N00033532,Jim,Bridenstine,1975-06-15,M,R,OK,6,,https://bridenstine.house.gov,858,328,38.23,0,97.53,2.47
B001284,N00033495,Susan,Brooks,1960-08-25,F,R,IN,6,,https://susanwbrooks.house.gov,1211,15,1.24,0,97.56,2.44
B001274,N00030910,Mo,Brooks,1954-04-29,M,R,AL,8,,https://brooks.house.gov,1211,76,6.28,0,90.79,9.21
B001304,N00036999,Anthony,Brown,1961-11-21,M,D,MD,2,,https://anthonybrown.house.gov,1211,53,4.38,0,97.25,2.75
B001285,N00034254,Julia,Brownley,1952-08-28,F,D,CA,6,,https://juliabrownley.house.gov,1211,29,2.39,2,96.44,3.56
B001260,N00027626,Vern,Buchanan,1951-05-08,M,R,FL,12,,https://buchanan.house.gov,1211,93,7.68,1,96.04,3.96
B001297,N00030829,Ken,Buck,1959-02-16,M,R,CO,4,,https://buck.house.gov,1211,30,2.48,0,91.16,8.84
B001275,N00031227,Larry,Bucshon,1962-05-31,M,R,IN,8,,https://bucshon.house.gov,1211,13,1.07,0,96.48,3.52
B001305,N00039551,Ted,Budd,1971-10-21,M,R,NC,2,,https://budd.house.gov,1211,7,0.58,0,96.16,3.84
B001248,N00025219,Michael,Burgess,1950-12-23,M,R,TX,16,,https://burgess.house.gov,1211,23,1.9,0,94.59,5.41
B001286,N00033390,Cheri,Bustos,1961-10-17,F,D,IL,6,,https://bustos.house.gov,1211,9,0.74,1,94.27,5.73
B001251,N00027035,G.,Butterfield,1947-04-27,M,D,NC,16,,https://butterfield.house.gov,1211,85,7.02,2,97.36,2.64
B001289,N00035380,Bradley,Byrne,1955-02-16,M,R,AL,6,,https://byrne.house.gov,1211,8,0.66,0,98.41,1.59
C000059,N00007099,Ken,Calvert,1953-06-08,M,R,CA,26,,https://calvert.house.gov,1211,12,0.99,0,97.82,2.18
C001037,N00000267,Michael,Capuano,1952-01-09,M,D,MA,20,,http://capuano.house.gov,1211,81,6.69,2,96.45,3.55
C001112,N00037015,Salud,Carbajal,1964-11-18,M,D,CA,2,,https://carbajal.house.gov,1211,29,2.39,1,95.31,4.69
C001097,N00033373,Tony,Cárdenas,1963-03-31,M,D,CA,6,,https://cardenas.house.gov,1211,81,6.69,1,97.0,3.0
C001072,N00029513,André,Carson,1974-10-16,M,D,IN,12,,https://carson.house.gov,1211,33,2.73,1,96.52,3.48
C001051,N00025095,John,Carter,1941-11-06,M,R,TX,16,,https://carter.house.gov,1211,39,3.22,0,97.86,2.14
C001103,N00035346,Buddy,Carter,1957-09-06,M,R,GA,4,,https://buddycarter.house.gov,1211,27,2.23,0,95.25,4.75
C001090,N00034128,Matt,Cartwright,1961-05-01,M,D,PA,6,,https://cartwright.house.gov,1211,12,0.99,0,96.4,3.6
C001066,N00027514,Kathy,Castor,1966-08-20,F,D,FL,12,,https://castor.house.gov,1211,43,3.55,0,97.45,2.55
C001091,N00033316,Joaquín,Castro,1974-09-16,M,D,TX,6,,https://castro.house.gov,1211,12,0.99,2,96.57,3.43
C000266,N00003689,Steven,Chabot,1953-01-22,M,R,OH,8,,https://chabot.house.gov,1211,3,0.25,0,98.17,1.83
C001076,N00028958,Jason,Chaffetz,1967-03-26,M,R,UT,10,,http://clerk.house.gov/member_info/vacancies_pr.aspx?pr=house&amp;vid=111,345,45,13.04,0,98.99,1.01
C001109,N00035504,Liz,Cheney,1966-07-28,F,R,WY,2,,https://cheney.house.gov,1211,53,4.38,0,96.79,3.21
C001080,N00030600,Judy,Chu,1953-07-07,F,D,CA,12,,https://chu.house.gov,1211,27,2.23,2,96.19,3.81
C001084,N00032019,David,Cicilline,1961-07-15,M,D,RI,8,,https://cicilline.house.gov,1211,23,1.9,1,97.66,2.34
C001101,N00035278,Katherine,Clark,1963-07-17,F,D,MA,6,,https://katherineclark.house.gov,1211,31,2.56,2,97.65,2.35
C001067,N00026961,Yvette,Clarke,1964-11-21,F,D,NY,12,,https://clarke.house.gov,1211,33,2.73,0,96.17,3.83
C001049,N00012460,William,Clay,1956-07-27,M,D,MO,18,,https://lacyclay.house.gov,1211,59,4.87,1,96.53,3.47
C001061,N00026790,Emanuel,Cleaver,1944-10-26,M,D,MO,14,,https://cleaver.house.gov,1211,107,8.84,5,97.48,2.52
C001115,N00041882,Michael,Cloud,1975-05-13,M,R,TX,2,,https://cloud.house.gov/,186,0,0.0,0,95.68,4.32
C000537,N00002408,James,Clyburn,1940-07-21,M,D,SC,26,Assistant Leader,https://clyburn.house.gov,1211,92,7.6,1,98.07,1.93
C001077,N00024753,Mike,Coffman,1955-03-19,M,R,CO,10,,https://coffman.house.gov,1211,9,0.74,0,92.89,7.11
C001068,N00003225,Steve,Cohen,1949-05-24,M,D,TN,12,,https://cohen.house.gov,1211,7,0.58,3,96.25,3.75
C001053,N00025726,Tom,Cole,1949-04-28,M,R,OK,16,,https://cole.house.gov,1211,25,2.06,0,96.27,3.73
C001092,N00001285,Chris,Collins,1950-05-20,M,R,NY,6,,https://chriscollins.house.gov,1211,42,3.47,0,97.51,2.49
C001093,N00033518,Doug,Collins,1966-08-16,M,R,GA,6,,https://dougcollins.house.gov,1211,44,3.63,0,96.73,3.27
C001108,N00038260,James,Comer,1972-08-19,M,R,KY,4,,https://comer.house.gov,1211,7,0.58,0,95.41,4.59
C001105,N00036023,Barbara,Comstock,1959-06-30,F,R,VA,4,,https://comstock.house.gov,1211,79,6.52,0,95.56,4.44
C001062,N00026041,K.,Conaway,1948-06-11,M,R,TX,14,,https://conaway.house.gov,1211,2,0.17,0,95.26,4.74
C001078,N00029891,Gerald,Connolly,1950-03-30,M,D,VA,10,,https://connolly.house.gov,1211,10,0.83,2,96.75,3.25
C000714,N00004029,John,Conyers,1929-05-16,M,D,MI,54,,https://conyers.house.gov/,658,34,5.17,0,96.41,3.59
C001094,N00034224,Paul,Cook,1943-03-03,M,R,CA,6,,https://cook.house.gov,1211,2,0.17,0,96.51,3.49
C000754,N00003132,Jim,Cooper,1954-06-19,M,D,TN,16,,https://cooper.house.gov,1211,6,0.5,1,89.68,10.32
C001110,N00037260,J.,Correa,1958-01-24,M,D,CA,2,,https://correa.house.gov,1211,6,0.5,0,91.32,8.68
C001059,N00026341,Jim,Costa,1952-04-13,M,D,CA,14,,https://costa.house.gov,1211,179,14.78,0,84.92,15.08
C001106,N00031064,Ryan,Costello,1976-09-07,M,R,PA,4,,https://costello.house.gov,1211,49,4.05,1,87.72,12.28
C001069,N00024842,Joe,Courtney,1953-04-06,M,D,CT,12,,https://courtney.house.gov,1211,17,1.4,1,96.99,3.01
C001096,N00004614,Kevin,Cramer,1961-01-21,M,R,ND,6,,https://www.cramer.senate.gov,1211,91,7.51,0,97.94,2.06
C001087,N00030770,Rick,Crawford,1966-01-22,M,R,AR,8,,https://crawford.house.gov,1211,46,3.8,0,98.53,1.47
C001111,N00002942,Charlie,Crist,1956-07-24,M,D,FL,2,,https://crist.house.gov,1211,53,4.38,0,93.17,6.83
C001038,N00001127,Joseph,Crowley,1962-03-16,M,D,NY,20,Caucus Chair,https://crowley.house.gov,1211,117,9.66,0,98.03,1.97
C001063,N00024978,Henry,Cuellar,1955-09-19,M,D,TX,14,,https://cuellar.house.gov,1211,19,1.57,0,82.69,17.31
C001048,N00009738,John,Culberson,1956-08-24,M,R,TX,18,,https://culberson.house.gov,1211,31,2.56,0,98.13,1.87
C000984,N00001971,Elijah,Cummings,1951-01-18,M,D,MD,24,,https://cummings.house.gov,1211,402,33.2,1,97.47,2.53
C001107,N00035403,Carlos,Curbelo,1980-03-01,M,R,FL,4,,https://curbelo.house.gov,1211,90,7.43,0,87.63,12.37
C001114,N00041221,John,Curtis,1960-05-10,M,R,UT,2,,https://curtis.house.gov,587,10,1.7,0,98.08,1.92
D000626,N00038767,Warren,Davidson,1970-03-01,M,R,OH,4,,https://davidson.house.gov,1211,11,0.91,0,94.39,5.61
D000096,N00004884,Danny,Davis,1941-09-06,M,D,IL,22,,https://davis.house.gov,1211,170,14.04,0,96.66,3.34
D000619,N00034784,Rodney,Davis,1970-01-05,M,R,IL,6,,https://rodneydavis.house.gov,1211,44,3.63,0,94.23,5.77
D000598,N00009604,Susan,Davis,1944-04-13,F,D,CA,18,,https://susandavis.house.gov,1211,32,2.64,1,96.95,3.05
D000191,N00007781,Peter,DeFazio,1947-05-27,M,D,OR,32,,https://defazio.house.gov,1211,47,3.88,5,95.51,4.49
D000197,N00006134,Diana,DeGette,1957-07-29,F,D,CO,22,,https://degette.house.gov,1211,78,6.44,1,96.83,3.17
D000620,N00033897,John,Delaney,1963-04-16,M,D,MD,6,,https://delaney.house.gov,1211,39,3.22,2,95.37,4.63
D000216,N00000615,Rosa,DeLauro,1943-03-02,F,D,CT,28,,https://delauro.house.gov,1211,81,6.69,1,97.64,2.36
D000617,N00030693,Suzan,DelBene,1962-02-17,F,D,WA,8,,https://delbene.house.gov,1211,2,0.17,2,96.35,3.65
D000627,N00033449,Val,Demings,1957-03-12,F,D,FL,2,,https://demings.house.gov,1211,17,1.4,0,96.99,3.01
D000612,N00031593,Jeffrey,Denham,1967-07-29,M,R,CA,8,,https://denham.house.gov,1211,80,6.61,0,92.1,7.9
D000604,N00026171,Charlie,Dent,1960-05-24,M,R,PA,14,,https://dent.house.gov,891,19,2.13,0,93.89,6.11
D000621,N00034746,Ron,DeSantis,1978-09-14,M,R,FL,6,,https://desantis.house.gov,1104,116,10.51,0,94.21,5.79
D000623,N00030709,Mark,DeSaulnier,1952-03-31,M,D,CA,4,,https://desaulnier.house.gov,1211,18,1.49,0,95.61,4.39
D000616,N00030957,Scott,DesJarlais,1964-02-21,M,R,TN,8,,https://desjarlais.house.gov,1211,52,4.29,0,97.14,2.86
D000610,N00031317,Ted,Deutch,1966-05-07,M,D,FL,10,,https://teddeutch.house.gov,1211,86,7.1,2,96.53,3.47
D000600,N00025337,Mario,Diaz-Balart,1961-09-25,M,R,FL,16,,https://mariodiazbalart.house.gov,1211,91,7.51,0,93.99,6.01
D000624,N00036149,Debbie,Dingell,1953-11-23,F,D,MI,4,,https://debbiedingell.house.gov,1211,13,1.07,3,98.46,1.54
D000399,N00006023,Lloyd,Doggett,1946-10-06,M,D,TX,24,,https://doggett.house.gov,1211,22,1.82,0,96.55,3.45
D000625,N00036928,Daniel,Donovan,1956-11-06,M,R,NY,4,,https://donovan.house.gov,1211,28,2.31,0,93.03,6.97
D000482,N00001373,Mike,Doyle,1953-08-05,M,D,PA,24,,https://doyle.house.gov,1211,24,1.98,1,97.66,2.34
D000614,N00030967,Sean,Duffy,1971-10-03,M,R,WI,8,,https://duffy.house.gov,1211,44,3.63,0,95.09,4.91
D000615,N00030752,Jeffrey,Duncan,1966-01-07,M,R,SC,8,,https://jeffduncan.house.gov,1211,91,7.51,0,95.07,4.93
D000533,N00003209,John,Duncan,1947-07-21,M,R,TN,32,,https://duncan.house.gov,1211,28,2.31,0,89.56,10.44
D000628,N00037442,Neal,Dunn,1953-02-16,M,R,FL,2,,https://dunn.house.gov,1211,28,2.31,0,98.47,1.53
E000288,N00028257,Keith,Ellison,1963-08-04,M,D,MN,12,,https://ellison.house.gov,1211,210,17.34,5,94.66,5.34
E000294,N00035440,Tom,Emmer,1961-03-03,M,R,MN,4,,https://emmer.house.gov,1211,13,1.07,0,94.97,5.03
E000179,N00001003,Eliot,Engel,1947-02-18,M,D,NY,30,,https://engel.house.gov,1211,61,5.04,2,96.87,3.13
E000215,N00007335,Anna,Eshoo,1942-12-13,F,D,CA,26,,http://eshoo.house.gov,1211,73,6.03,1,96.58,3.42
E000297,N00034549,Adriano,Espaillat,1954-09-27,M,D,NY,2,,https://espaillat.house.gov,1211,13,1.07,1,96.83,3.17
E000298,N00040712,Ron,Estes,1956-07-19,M,R,KS,2,,https://estes.house.gov,988,10,1.01,0,98.46,1.54
E000293,N00033217,Elizabeth,Esty,1959-08-25,F,D,CT,6,,https://esty.house.gov,1210,5,0.41,1,97.61,2.39
E000296,N00038450,Dwight,Evans,1954-05-16,M,D,PA,4,,https://evans.house.gov,1211,10,0.83,3,97.01,2.99
F000460,N00031672,Blake,Farenthold,1961-12-12,M,R,TX,8,,https://farenthold.house.gov,840,6,0.71,0,96.87,3.13
F000464,N00037288,John,Faso,1952-08-25,M,R,NY,2,,https://faso.house.gov,1211,8,0.66,0,89.47,10.53
F000465,N00039090,A.,Ferguson,1966-11-15,M,R,GA,2,,https://ferguson.house.gov,1211,6,0.5,0,98.5,1.5
F000466,N00038779,Brian,Fitzpatrick,1973-12-17,M,R,PA,2,,https://fitzpatrick.house.gov,1211,4,0.33,0,81.6,18.4
F000459,N00030815,Chuck,Fleischmann,1962-10-11,M,R,TN,8,,https://fleischmann.house.gov,1211,1,0.08,0,97.34,2.66
F000461,N00031545,Bill,Flores,1954-02-25,M,R,TX,8,,https://flores.house.gov,1211,30,2.48,0,95.4,4.6
F000449,N00026631,Jeff,Fortenberry,1960-12-27,M,R,NE,14,,https://fortenberry.house.gov,1211,30,2.48,0,94.21,5.79
F000454,N00029139,Bill,Foster,1955-10-07,M,D,IL,6,,https://foster.house.gov,1211,26,2.15,1,96.1,3.9
F000450,N00026166,Virginia,Foxx,1943-06-29,F,R,NC,12,,https://foxx.house.gov,1211,1,0.08,0,93.52,6.48
F000462,N00002893,Lois,Frankel,1948-05-16,F,D,FL,6,,https://frankel.house.gov,1211,83,6.85,2,96.91,3.09
F000448,N00006423,Trent,Franks,1957-06-19,M,R,AZ,16,,https://franks.house.gov/,672,25,3.72,0,95.66,4.34
F000372,N00000684,Rodney,Frelinghuysen,1946-04-29,M,R,NJ,24,,https://frelinghuysen.house.gov,1211,24,1.98,0,96.02,3.98
F000455,N00030490,Marcia,Fudge,1952-10-29,F,D,OH,12,,https://fudge.house.gov,1211,47,3.88,2,97.0,3.0
G000571,N00033281,Tulsi,Gabbard,1981-04-12,F,D,HI,6,,https://gabbard.house.gov,1211,68,5.62,2,94.79,5.21
G000578,N00039503,Matt,Gaetz,1982-05-07,M,R,FL,2,,https://gaetz.house.gov,1211,62,5.12,0,89.35,10.66
G000579,N00039330,Mike,Gallagher,1984-03-03,M,R,WI,2,,https://gallagher.house.gov,1211,16,1.32,0,93.02,6.98
G000574,N00036097,Ruben,Gallego,1979-11-20,M,D,AZ,4,,https://rubengallego.house.gov,1211,32,2.64,2,97.04,2.96
G000559,N00030856,John,Garamendi,1945-01-24,M,D,CA,10,,https://garamendi.house.gov,1211,51,4.21,2,95.49,4.51
G000580,N00038847,Thomas,Garrett,1972-03-27,M,R,VA,2,,https://tomgarrett.house.gov,1211,131,10.82,0,90.78,9.22
G000584,N00040733,Greg,Gianforte,1961-04-17,M,R,MT,2,,https://gianforte.house.gov,899,10,1.11,0,96.5,3.5
G000563,N00031128,Bob,Gibbs,1954-06-14,M,R,OH,8,,https://gibbs.house.gov,1211,9,0.74,0,97.16,2.84
G000552,N00026148,Louie,Gohmert,1953-08-18,M,R,TX,14,,https://gohmert.house.gov,1211,74,6.11,2,90.72,9.28
G000585,N00040597,Jimmy,Gomez,1974-11-25,M,D,CA,2,,https://gomez.house.gov,865,26,3.01,1,96.69,3.31
G000581,N00038809,Vicente,Gonzalez,1967-09-04,M,D,TX,2,,https://gonzalez.house.gov,1211,40,3.3,1,91.08,8.92
G000582,N00037615,Jenniffer,González-Colón,1976-08-05,F,R,PR,2,,https://gonzalez-colon.house.gov,,,,,,
G000289,N00009154,Robert,Goodlatte,1952-09-22,M,R,VA,26,,https://goodlatte.house.gov,1211,23,1.9,0,98.05,1.95
G000565,N00030771,Paul,Gosar,1958-11-22,M,R,AZ,8,,https://gosar.house.gov,1211,55,4.54,0,89.3,10.7
G000583,N00036944,Josh,Gottheimer,1975-03-08,M,D,NJ,2,,https://gottheimer.house.gov,1211,16,1.32,0,85.91,14.09
G000566,N00030880,Trey,Gowdy,1964-08-22,M,R,SC,8,,https://gowdy.house.gov,1211,118,9.74,0,98.9,1.1
G000377,N00008799,Kay,Granger,1943-01-18,F,R,TX,22,,https://kaygranger.house.gov,1211,73,6.03,0,98.23,1.77
G000577,N00036135,Garret,Graves,1972-01-31,M,R,LA,4,,https://garretgraves.house.gov,1211,30,2.48,0,94.72,5.28
G000546,N00013323,Sam,Graves,1963-11-07,M,R,MO,18,,https://graves.house.gov,1211,93,7.68,0,94.43,5.57
G000560,N00030788,Tom,Graves,1970-02-03,M,R,GA,10,,https://tomgraves.house.gov,1211,14,1.16,0,94.46,5.54
G000410,N00005870,Gene,Green,1947-10-17,M,D,TX,26,,https://green.house.gov,1211,61,5.04,1,92.87,7.13
G000553,N00026686,Al,Green,1947-09-01,M,D,TX,14,,https://algreen.house.gov,1211,23,1.9,1,96.98,3.02
G000568,N00032029,Morgan,Griffith,1958-03-15,M,R,VA,8,,https://morgangriffith.house.gov,1211,20,1.65,2,93.25,6.75
G000551,N00025284,Raúl,Grijalva,1948-02-19,M,D,AZ,16,,https://grijalva.house.gov,1211,89,7.35,3,96.65,3.35
G000576,N00036409,Glenn,Grothman,1955-07-03,M,R,WI,4,,https://grothman.house.gov,1211,35,2.89,1,94.44,5.56
G000558,N00029675,Brett,Guthrie,1964-02-18,M,R,KY,10,,https://guthrie.house.gov,1211,6,0.5,0,99.0,1.0
G000535,N00004874,Luis,Gutiérrez,1953-12-10,M,D,IL,26,,https://gutierrez.house.gov,1211,268,22.13,1,95.22,4.78
H001050,N00025881,Colleen,Hanabusa,1951-05-04,F,D,HI,4,,https://hanabusa.house.gov,1211,179,14.78,1,96.91,3.09
H001078,N00035477,Karen,Handel,1962-04-18,F,R,GA,2,,https://handel.house.gov,887,2,0.23,0,98.52,1.48
H001045,N00029632,Gregg,Harper,1956-06-01,M,R,MS,10,,https://harper.house.gov,1211,44,3.63,0,98.02,1.98
H001052,N00029147,Andy,Harris,1957-01-25,M,R,MD,8,,https://harris.house.gov,1211,32,2.64,0,94.12,5.88
H001053,N00031005,Vicky,Hartzler,1960-10-13,F,R,MO,8,,https://hartzler.house.gov,1211,32,2.64,0,97.02,2.98
H000324,N00002884,Alcee,Hastings,1936-09-05,M,D,FL,26,,https://alceehastings.house.gov,1211,83,6.85,1,96.45,3.55
H001064,N00031557,Denny,Heck,1952-07-29,M,D,WA,6,,https://dennyheck.house.gov,1211,3,0.25,2,96.17,3.83
H001036,N00024922,Jeb,Hensarling,1957-05-29,M,R,TX,16,,https://hensarling.house.gov,1211,17,1.4,0,97.98,2.02
H001082,N00040829,Kevin,Hern,1961-12-04,M,R,OK,2,,https://hern.house.gov,84,0,0.0,0,97.62,2.38
H001056,N00031559,Jaime,Herrera Beutler,1978-11-03,F,R,WA,8,,https://herrerabeutler.house.gov,1211,15,1.24,0,92.69,7.31
H001071,N00032243,Jody,Hice,1960-04-22,M,R,GA,4,,https://hice.house.gov,1211,17,1.4,0,92.68,7.32
H001038,N00027060,Brian,Higgins,1959-10-06,M,D,NY,12,,https://higgins.house.gov,1211,42,3.47,1,97.37,2.63
H001077,N00039953,Clay,Higgins,1961-08-24,M,R,LA,2,,https://clayhiggins.house.gov,1211,38,3.14,0,98.54,1.46
H001072,N00035792,French,Hill,1956-12-05,M,R,AR,4,,https://hill.house.gov,1211,14,1.16,0,96.14,3.86
H001047,N00029070,Jim,Himes,1966-07-05,M,D,CT,10,,https://himes.house.gov,1211,21,1.73,1,94.66,5.34
H001065,N00033399,George,Holding,1968-04-17,M,R,NC,6,,https://holding.house.gov,1211,31,2.56,0,94.89,5.11
H001074,N00038429,Trey,Hollingsworth,1983-09-12,M,R,IN,2,,https://hollingsworth.house.gov,1211,31,2.56,0,96.42,3.58
H000874,N00001821,Steny,Hoyer,1939-06-14,M,D,MD,38,Minority Whip,https://hoyer.house.gov,1211,61,5.04,1,98.39,1.61
H001067,N00033630,Richard,Hudson,1971-11-04,M,R,NC,6,,https://hudson.house.gov,1211,81,6.69,0,94.4,5.6
H001068,N00033030,Jared,Huffman,1964-02-18,M,D,CA,6,,https://huffman.house.gov,1211,66,5.45,0,94.8,5.2
H001058,N00030673,Bill,Huizenga,1969-01-31,M,R,MI,8,,https://huizenga.house.gov,1211,45,3.72,1,96.55,3.45
H001059,N00031104,Randy,Hultgren,1966-03-01,M,R,IL,8,,https://hultgren.house.gov,1211,70,5.78,0,97.8,2.2
H001048,N00029258,Duncan,Hunter,1976-12-07,M,R,CA,10,,https://hunter.house.gov,1211,37,3.06,0,95.46,4.54
H001073,N00031417,Will,Hurd,1977-08-19,M,R,TX,4,,https://hurd.house.gov,1211,26,2.15,0,93.81,6.19
I000056,N00007017,Darrell,Issa,1953-11-01,M,R,CA,18,,https://issa.house.gov,1211,102,8.42,0,96.74,3.26
J000032,N00005818,Sheila,Jackson Lee,1950-01-12,F,D,TX,24,,https://jacksonlee.house.gov,1211,36,2.97,2,96.42,3.58
J000298,N00038858,Pramila,Jayapal,1965-09-21,F,D,WA,2,,https://jayapal.house.gov,1211,23,1.9,1,96.11,3.89
J000294,N00033640,Hakeem,Jeffries,1970-08-04,M,D,NY,6,,https://jeffries.house.gov,1211,45,3.72,2,97.09,2.91
J000297,N00035531,Evan,Jenkins,1960-09-12,M,R,WV,4,,https://evanjenkins.house.gov,1126,92,8.17,0,92.32,7.68
J000290,N00029077,Lynn,Jenkins,1963-06-10,F,R,KS,10,,https://lynnjenkins.house.gov,1211,117,9.66,0,94.77,5.23
J000288,N00027848,Hank,Johnson,1954-10-02,M,D,GA,12,,https://hankjohnson.house.gov,1211,41,3.39,2,95.44,4.56
J000292,N00032088,Bill,Johnson,1954-11-10,M,R,OH,8,,https://billjohnson.house.gov,1211,17,1.4,0,94.78,5.22
J000126,N00008122,Eddie,Johnson,1935-12-03,F,D,TX,26,,https://ebjohnson.house.gov,1211,102,8.42,0,97.13,2.87
J000174,N00008028,Sam,Johnson,1930-10-11,M,R,TX,28,,https://samjohnson.house.gov,1211,182,15.03,0,98.34,1.66
J000299,N00039106,Mike,Johnson,1972-01-30,M,R,LA,2,,https://mikejohnson.house.gov,1211,23,1.9,0,97.46,2.54
J000303,N00042648,Brenda,Jones,1959-10-24,F,D,MI,2,,,78,0,0.0,0,100.0,0.0
J000255,N00002299,Walter,Jones,1943-02-10,M,R,NC,24,,https://jones.house.gov,1211,231,19.08,1,61.27,38.73
J000289,N00027894,Jim,Jordan,1964-02-17,M,R,OH,12,,https://jordan.house.gov,1211,27,2.23,0,91.26,8.74
J000295,N00035007,Dave,Joyce,1957-03-17,M,R,OH,6,,https://joyce.house.gov,1211,26,2.15,1,92.71,7.29
K000009,N00003522,Marcy,Kaptur,1946-06-17,F,D,OH,36,,https://kaptur.house.gov,1211,23,1.9,2,96.37,3.63
K000386,N00035934,John,Katko,1962-11-09,M,R,NY,4,,https://katko.house.gov,1211,38,3.14,0,89.2,10.8
K000375,N00031933,Bill,Keating,1952-09-06,M,D,MA,8,,https://keating.house.gov,1211,101,8.34,2,96.77,3.23
K000388,N00037003,Trent,Kelly,1966-03-01,M,R,MS,4,,https://trentkelly.house.gov,1211,7,0.58,0,97.33,2.67
K000385,N00035215,Robin,Kelly,1956-04-30,F,D,IL,6,,https://robinkelly.house.gov,1211,38,3.14,1,97.56,2.44
K000376,N00031647,Mike,Kelly,1948-05-10,M,R,PA,8,,https://kelly.house.gov,1211,24,1.98,0,96.53,3.47
K000379,N00034044,Joseph,Kennedy,1980-10-04,M,D,MA,6,,https://kennedy.house.gov,1211,108,8.92,2,97.67,2.33
K000389,N00026427,Ro,Khanna,1976-09-13,M,D,CA,2,,https://khanna.house.gov,1211,10,0.83,2,96.75,3.25
K000390,N00033530,Ruben,Kihuen,1980-04-25,M,D,NV,2,,https://kihuen.house.gov,1211,31,2.56,1,96.78,3.22
K000380,N00033395,Dan,Kildee,1958-08-11,M,D,MI,6,,https://dankildee.house.gov,1211,10,0.83,2,96.92,3.08
K000381,N00034453,Derek,Kilmer,1974-01-01,M,D,WA,6,,https://kilmer.house.gov,1211,2,0.17,2,96.6,3.4
K000188,N00004403,Ron,Kind,1963-03-16,M,D,WI,22,,https://kind.house.gov,1211,103,8.51,0,92.78,7.22
K000210,N00001193,Peter,King,1944-04-05,M,R,NY,26,,https://peteking.house.gov,1211,50,4.13,0,92.39,7.61
K000362,N00025237,Steve,King,1949-05-28,M,R,IA,16,,https://steveking.house.gov,1211,19,1.57,0,96.04,3.96
K000378,N00030667,Adam,Kinzinger,1978-02-27,M,R,IL,8,,https://kinzinger.house.gov,1211,33,2.73,0,92.49,7.51
K000387,N00035820,Steve,Knight,1966-12-17,M,R,CA,4,,https://knight.house.gov,1211,29,2.39,0,93.96,6.04
K000391,N00033240,Raja,Krishnamoorthi,1973-07-19,M,D,IL,2,,https://krishnamoorthi.house.gov,1211,2,0.17,2,97.28,2.72
K000382,N00030875,Ann,Kuster,1956-09-05,F,D,NH,6,,https://kuster.house.gov,1211,41,3.39,1,94.21,5.79
K000392,N00025445,David,Kustoff,1966-10-08,M,R,TN,2,,https://kustoff.house.gov,1211,27,2.23,0,98.47,1.53
L000573,N00031377,Raúl,Labrador,1967-12-08,M,R,ID,8,,https://labrador.house.gov,1211,173,14.29,0,93.71,6.29
L000585,N00037031,Darin,LaHood,1968-07-05,M,R,IL,4,,https://lahood.house.gov,1211,11,0.91,0,94.89,5.11
L000578,N00033987,Doug,LaMalfa,1960-07-02,M,R,CA,6,,https://lamalfa.house.gov,1211,29,2.39,0,97.36,2.64
L000588,N00041870,Conor,Lamb,1984-06-27,M,D,PA,2,,https://lamb.house.gov/,362,2,0.55,0,87.22,12.78
L000564,N00028133,Doug,Lamborn,1954-05-24,M,R,CO,12,,https://lamborn.house.gov,1211,16,1.32,0,97.22,2.78
L000567,N00000898,Leonard,Lance,1952-06-25,M,R,NJ,10,,https://lance.house.gov,1211,2,0.17,0,86.78,13.22
L000559,N00009724,Jim,Langevin,1964-04-22,M,D,RI,18,,https://langevin.house.gov,1211,19,1.57,1,98.02,1.98
L000560,N00009759,Rick,Larsen,1965-06-15,M,D,WA,18,,https://larsen.house.gov,1211,38,3.14,1,96.86,3.14
L000557,N00000575,John,Larson,1948-07-22,M,D,CT,20,,https://larson.house.gov,1211,62,5.12,1,97.32,2.68
L000566,N00012233,Robert,Latta,1956-04-18,M,R,OH,12,,https://latta.house.gov,1211,0,0.0,0,97.26,2.74
L000581,N00034068,Brenda,Lawrence,1954-10-18,F,D,MI,4,,https://lawrence.house.gov,1211,29,2.39,2,98.18,1.82
L000586,N00030642,Al,Lawson,1948-09-23,M,D,FL,2,,https://lawson.house.gov,1211,76,6.28,0,94.47,5.53
L000551,N00008046,Barbara,Lee,1946-07-16,F,D,CA,22,,https://lee.house.gov,1211,23,1.9,1,95.59,4.41
L000589,N00042056,Debbie,Lesko,1958-11-14,F,R,AZ,2,,https://lesko.house.gov/,333,2,0.6,0,95.15,4.85
L000263,N00003950,Sander,Levin,1931-09-06,M,D,MI,36,,https://levin.house.gov,1211,1,0.08,2,98.47,1.53
L000587,N00038400,Jason,Lewis,1955-09-23,M,R,MN,2,,https://jasonlewis.house.gov,1211,33,2.73,0,97.01,2.99
L000287,N00002577,John,Lewis,1940-02-21,M,D,GA,32,,https://johnlewis.house.gov,1211,74,6.11,2,97.11,2.89
L000582,N00035825,Ted,Lieu,1969-03-29,M,D,CA,4,,https://lieu.house.gov,1211,107,8.84,4,96.65,3.35
L000563,N00027239,Daniel,Lipinski,1966-07-15,M,D,IL,14,,https://lipinski.house.gov,1211,55,4.54,2,91.66,8.34
L000554,N00000851,Frank,LoBiondo,1946-05-12,M,R,NJ,24,,https://lobiondo.house.gov,1211,10,0.83,0,84.69,15.31
L000565,N00027741,Dave,Loebsack,1952-12-23,M,D,IA,12,,https://loebsack.house.gov,1211,25,2.06,2,94.12,5.88
L000397,N00007479,Zoe,Lofgren,1947-12-21,F,D,CA,24,,https://lofgren.house.gov,1211,37,3.06,6,96.15,3.85
L000576,N00030676,Billy,Long,1955-08-11,M,R,MO,8,,https://long.house.gov,1211,114,9.41,0,98.08,1.92
L000583,N00035347,Barry,Loudermilk,1963-12-22,M,R,GA,4,,https://loudermilk.house.gov,1211,83,6.85,0,97.24,2.76
L000584,N00033842,Mia,Love,1975-12-06,F,R,UT,4,,https://love.house.gov,1211,78,6.44,0,96.18,3.82
L000579,N00033274,Alan,Lowenthal,1941-03-08,M,D,CA,6,,https://lowenthal.house.gov,1211,95,7.84,2,97.05,2.95
L000480,N00001024,Nita,Lowey,1937-07-05,F,D,NY,30,,https://lowey.house.gov,1211,14,1.16,2,98.2,1.8
L000491,N00005559,Frank,Lucas,1960-01-06,M,R,OK,26,,https://lucas.house.gov,1211,8,0.66,0,97.66,2.34
L000569,N00030026,Blaine,Luetkemeyer,1952-05-07,M,R,MO,10,,https://luetkemeyer.house.gov,1211,15,1.24,0,98.15,1.85
L000570,N00029562,Ben,Luján,1972-06-07,M,D,NM,10,,https://lujan.house.gov,1211,3,0.25,2,97.37,2.63
L000580,N00029400,Michelle,Lujan Grisham,1959-10-24,F,D,NM,6,,https://lujangrisham.house.gov,1209,123,10.17,2,94.52,5.48
L000562,N00013855,Stephen,Lynch,1955-03-31,M,D,MA,18,,https://lynch.house.gov,1211,45,3.72,0,95.69,4.31
M001193,N00036155,Tom,MacArthur,1960-10-16,M,R,NJ,4,,https://macarthur.house.gov,1211,13,1.07,0,90.6,9.4
M000087,N00000078,Carolyn,Maloney,1946-02-19,F,D,NY,26,,https://maloney.house.gov,1211,52,4.29,2,97.43,2.57
M001185,N00034277,Sean,Maloney,1966-07-30,M,D,NY,6,,https://seanmaloney.house.gov,1211,45,3.72,1,94.27,5.73
M001158,N00026710,Kenny,Marchant,1951-02-23,M,R,TX,14,,https://marchant.house.gov,1211,78,6.44,0,96.81,3.19
M001179,N00031777,Tom,Marino,1952-08-15,M,R,PA,8,,https://marino.house.gov,1211,90,7.43,0,96.23,3.77
M001198,N00037034,Roger,Marshall,1960-08-09,M,R,KS,2,,https://marshall.house.gov,1211,4,0.33,0,96.92,3.08
M001184,N00034041,Thomas,Massie,1971-01-13,M,R,KY,8,,https://massie.house.gov,1211,12,0.99,0,76.13,23.87
M001199,N00037269,Brian,Mast,1980-07-10,M,R,FL,2,,https://mast.house.gov,1211,11,0.91,0,90.79,9.21
M001163,N00027459,Doris,Matsui,1944-09-25,F,D,CA,14,,http://matsui.house.gov,1211,16,1.32,2,97.68,2.32
M001165,N00028152,Kevin,McCarthy,1965-01-26,M,R,CA,12,Majority Leader,https://kevinmccarthy.house.gov,1211,19,1.57,0,98.57,1.43
M001157,N00026460,Michael,McCaul,1962-01-14,M,R,TX,14,,https://mccaul.house.gov,1211,25,2.06,0,98.39,1.61
M001177,N00006863,Tom,McClintock,1956-07-10,M,R,CA,10,,https://mcclintock.house.gov,1211,10,0.83,0,93.89,6.11
M001143,N00012942,Betty,McCollum,1954-07-12,F,D,MN,18,,https://mccollum.house.gov,1211,16,1.32,1,96.56,3.44
M001200,N00039327,A.,McEachin,1961-10-10,M,D,VA,2,,https://mceachin.house.gov,1211,45,3.72,1,97.27,2.73
M000312,N00000179,Jim,McGovern,1959-11-20,M,D,MA,22,,https://mcgovern.house.gov,1211,17,1.4,2,96.47,3.53
M001156,N00026627,Patrick,McHenry,1975-10-22,M,R,NC,14,,https://mchenry.house.gov,1211,28,2.31,0,98.64,1.36
M001180,N00031681,David,McKinley,1947-03-28,M,R,WV,8,,https://mckinley.house.gov,1211,4,0.33,0,91.67,8.33
M001159,N00026314,Cathy,McMorris Rodgers,1969-05-22,F,R,WA,14,Conference Chair,https://mcmorris.house.gov,1211,3,0.25,0,98.25,1.75
M001166,N00026926,Jerry,McNerney,1951-06-18,M,D,CA,12,,https://mcnerney.house.gov,1211,49,4.05,1,96.3,3.7
M001197,N00033982,Martha,McSally,1966-03-22,F,R,AZ,4,,https://www.mcsally.senate.gov,1211,40,3.3,0,92.96,7.04
M001187,N00033631,Mark,Meadows,1959-07-28,M,R,NC,6,,https://meadows.house.gov,1211,33,2.73,0,96.5,3.5
M001181,N00031134,Pat,Meehan,1955-10-20,M,R,PA,8,,https://meehan.house.gov,877,18,2.05,0,89.82,10.18
M001137,N00001171,Gregory,Meeks,1953-09-25,M,D,NY,22,,https://meeks.house.gov,1211,70,5.78,0,96.05,3.95
M001188,N00034547,Grace,Meng,1975-10-01,F,D,NY,6,,https://meng.house.gov,1211,38,3.14,2,96.94,3.06
M001189,N00012546,Luke,Messer,1969-02-27,M,R,IN,6,Policy Committee Chair,https://messer.house.gov,1211,119,9.83,0,97.15,2.85
M001201,N00036274,Paul,Mitchell,1961-05-08,M,R,MI,2,,https://mitchell.house.gov,1211,9,0.74,0,97.07,2.93
M001194,N00036275,John,Moolenaar,1961-05-08,M,R,MI,4,,https://moolenaar.house.gov,1211,3,0.25,0,96.51,3.49
M001195,N00033814,Alex,Mooney,1971-06-05,M,R,WV,4,,https://mooney.house.gov,1211,17,1.4,0,94.19,5.81
M001160,N00026914,Gwen,Moore,1951-04-18,F,D,WI,14,,https://gwenmoore.house.gov,1211,81,6.69,1,95.72,4.28
M001206,N00043207,Joe,Morelle,1957-04-29,M,D,NY,2,,https://morelle.house.gov,84,1,1.19,0,100.0,0.0
M001196,N00035431,Seth,Moulton,1978-10-24,M,D,MA,4,,https://moulton.house.gov,1211,32,2.64,1,95.82,4.18
M001190,N00033410,Markwayne,Mullin,1977-07-26,M,R,OK,6,,https://mullin.house.gov,1211,14,1.16,0,97.9,2.1
M001182,N00031412,Mick,Mulvaney,1967-07-21,M,R,SC,8,,https://mulvaney.house.gov,97,91,93.81,0,100.0,0.0
M001202,N00040133,Stephanie,Murphy,1978-09-16,F,D,FL,2,,https://stephaniemurphy.house.gov,1211,30,2.48,0,88.1,11.9
M001151,N00024992,Tim,Murphy,1952-09-11,M,R,PA,16,,https://murphy.house.gov/,569,9,1.58,0,92.47,7.53
N000002,N00000939,Jerrold,Nadler,1947-06-13,M,D,NY,28,,https://nadler.house.gov,1211,26,2.15,1,96.01,3.99
N000179,N00006789,Grace,Napolitano,1936-12-04,F,D,CA,20,,https://napolitano.house.gov,1211,215,17.75,1,96.18,3.82
N000015,N00000153,Richard,Neal,1949-02-14,M,D,MA,30,,https://neal.house.gov,1211,40,3.3,2,98.43,1.57
N000189,N00036403,Dan,Newhouse,1955-07-10,M,R,WA,4,,https://newhouse.house.gov,1211,72,5.95,0,97.09,2.91
N000184,N00032022,Kristi,Noem,1971-11-30,F,R,SD,8,,https://noem.house.gov,1211,179,14.78,0,96.5,3.5
N000127,N00021207,Rick,Nolan,1943-12-17,M,D,MN,6,,https://nolan.house.gov,1211,113,9.33,1,95.34,4.66
N000188,N00036154,Donald,Norcross,1958-12-13,M,D,NJ,6,,https://norcross.house.gov,1211,17,1.4,2,96.39,3.61
N000190,N00027783,Ralph,Norman,1953-06-20,M,R,SC,2,,https://norman.house.gov,887,24,2.71,0,95.11,4.89
N000147,N00001692,Eleanor,Norton,1937-06-13,F,D,DC,28,,https://norton.house.gov,0,,,,,
N000181,N00007248,Devin,Nunes,1973-10-01,M,R,CA,16,,https://nunes.house.gov,1211,27,2.23,0,97.79,2.21
O000171,N00037515,Tom,O'Halleran,1946-01-24,M,D,AZ,2,,https://ohalleran.house.gov,1211,13,1.07,0,88.6,11.4
O000170,N00033540,Beto,O'Rourke,1972-09-26,M,D,TX,6,,https://orourke.house.gov,1211,50,4.13,0,94.52,5.48
O000168,N00029285,Pete,Olson,1962-12-09,M,R,TX,10,,https://olson.house.gov,1211,44,3.63,0,99.22,0.78
P000601,N00031958,Steven,Palazzo,1970-02-21,M,R,MS,8,,https://palazzo.house.gov,1211,70,5.78,0,96.48,3.52
P000034,N00000781,Frank,Pallone,1951-10-30,M,D,NJ,32,,https://pallone.house.gov,1211,1,0.08,1,97.03,2.97
P000609,N00035691,Gary,Palmer,1954-05-14,M,R,AL,4,,https://palmer.house.gov,1211,16,1.32,0,95.54,4.46
P000613,N00038601,Jimmy,Panetta,1969-10-01,M,D,CA,2,,https://panetta.house.gov,1211,3,0.25,0,95.75,4.25
P000096,N00000751,Bill,Pascrell,1937-01-25,M,D,NJ,22,,https://pascrell.house.gov,1211,33,2.73,1,97.48,2.52
P000594,N00029391,Erik,Paulsen,1965-05-14,M,R,MN,10,,https://paulsen.house.gov,1211,14,1.16,0,91.44,8.56
P000604,N00034639,Donald,Payne,1958-12-17,M,D,NJ,8,,https://payne.house.gov,1211,99,8.18,3,97.41,2.59
P000588,N00012672,Steve,Pearce,1947-08-24,M,R,NM,8,,https://pearce.house.gov,1211,82,6.77,0,93.24,6.76
P000197,N00007360,Nancy,Pelosi,1940-03-26,F,D,CA,30,Minority Leader,https://pelosi.house.gov,1211,128,10.57,1,97.35,2.65
P000593,N00027510,Ed,Perlmutter,1953-05-01,M,D,CO,12,,https://perlmutter.house.gov,1211,56,4.62,2,95.04,4.96
P000605,N00034120,Scott,Perry,1962-05-27,M,R,PA,6,,https://perry.house.gov,1211,21,1.73,0,91.31,8.69
P000608,N00033591,Scott,Peters,1958-06-17,M,D,CA,6,,https://scottpeters.house.gov,1211,21,1.73,2,90.34,9.66
P000258,N00004558,Collin,Peterson,1944-06-29,M,D,MN,28,,https://collinpeterson.house.gov,1211,57,4.71,0,77.33,22.67
P000597,N00013817,Chellie,Pingree,1955-04-02,F,D,ME,10,,https://pingree.house.gov,1211,41,3.39,3,97.46,2.54
P000606,N00034416,Robert,Pittenger,1948-08-15,M,R,NC,6,,https://pittenger.house.gov,1211,92,7.6,0,95.51,4.49
P000610,N00035000,Stacey,Plaskett,1966-05-13,F,D,VI,4,,https://plaskett.house.gov,0,,,,,
P000607,N00033549,Mark,Pocan,1964-08-14,M,D,WI,6,,https://pocan.house.gov,1211,137,11.31,1,95.9,4.1
P000592,N00026457,Ted,Poe,1948-09-10,M,R,TX,14,,https://poe.house.gov,1211,111,9.17,0,92.41,7.59
P000611,N00034584,Bruce,Poliquin,1953-11-01,M,R,ME,4,,https://poliquin.house.gov,1211,13,1.07,0,92.79,7.21
P000598,N00029127,Jared,Polis,1975-05-12,M,D,CO,10,,https://polis.house.gov,1211,175,14.45,1,93.06,6.94
P000602,N00030744,Mike,Pompeo,1963-12-30,M,R,KS,8,,http://pompeo.house.gov,61,59,96.72,0,0.0,0.0
P000599,N00029662,Bill,Posey,1947-12-18,M,R,FL,10,,https://posey.house.gov,1211,111,9.17,0,95.62,4.38
P000523,N00002260,David,Price,1940-08-17,M,D,NC,30,,https://price.house.gov,1211,26,2.15,1,98.79,1.21
P000591,N00026160,Tom,Price,1954-10-08,M,R,GA,14,,https://tomprice.house.gov,85,82,96.47,0,100.0,0.0
Q000023,N00030581,Mike,Quigley,1958-10-17,M,D,IL,10,,https://quigley.house.gov,1211,42,3.47,1,97.73,2.27
R000600,N00007635,Amata,Radewagen,1947-12-29,F,R,AS,4,,https://radewagen.house.gov,0,,,,,
R000606,N00037036,Jamie,Raskin,1962-12-13,M,D,MD,2,,https://raskin.house.gov,1211,10,0.83,1,97.01,2.99
R000601,N00035972,John,Ratcliffe,1965-10-20,M,R,TX,4,,https://ratcliffe.house.gov,1211,81,6.69,0,94.84,5.16
R000585,N00030949,Tom,Reed,1971-11-18,M,R,NY,10,,https://reed.house.gov,1211,23,1.9,0,91.79,8.21
R000578,N00026885,Dave,Reichert,1950-08-29,M,R,WA,14,,https://reichert.house.gov,1211,39,3.22,0,91.77,8.23
R000586,N00031127,Jim,Renacci,1958-12-03,M,R,OH,8,,https://renacci.house.gov,1211,150,12.39,0,94.22,5.78
R000602,N00035927,Kathleen,Rice,1965-02-15,F,D,NY,4,,https://kathleenrice.house.gov,1211,68,5.62,2,95.07,4.93
R000597,N00033832,Tom,Rice,1957-08-04,M,R,SC,6,,https://rice.house.gov,1211,23,1.9,22,95.01,4.99
R000588,N00030184,Cedric,Richmond,1973-09-13,M,D,LA,8,,https://richmond.house.gov,1211,138,11.4,3,95.98,4.02
R000591,N00030768,Martha,Roby,1976-07-27,F,R,AL,8,,https://roby.house.gov,1211,37,3.06,0,97.78,2.22
R000582,N00028463,Phil,Roe,1945-07-21,M,R,TN,10,,https://roe.house.gov,1211,7,0.58,0,97.5,2.5
R000575,N00024759,Mike,Rogers,1958-07-16,M,R,AL,18,,https://mikerogers.house.gov,1211,19,1.57,0,94.27,5.73
R000395,N00003473,Harold,Rogers,1937-12-31,M,R,KY,38,,https://halrogers.house.gov,1211,82,6.77,0,97.33,2.67
R000409,N00007151,Dana,Rohrabacher,1947-06-21,M,R,CA,30,,https://rohrabacher.house.gov,1211,112,9.25,0,92.41,7.59
R000592,N00031741,Todd,Rokita,1970-02-09,M,R,IN,8,,http://rokita.house.gov,1211,42,3.47,0,94.33,5.67
R000607,N00040007,Francis,Rooney,1953-12-04,M,R,FL,2,,https://francisrooney.house.gov,1211,122,10.07,0,97.14,2.86
R000583,N00029018,Tom,Rooney,1970-11-21,M,R,FL,10,,https://rooney.house.gov,1211,176,14.53,2,96.41,3.59
R000435,N00002858,Ileana,Ros-Lehtinen,1952-07-15,F,R,FL,30,,https://ros-lehtinen.house.gov,1211,156,12.88,0,85.89,14.11
R000608,N00038734,Jacky,Rosen,1957-08-02,F,D,NV,2,,https://www.rosen.senate.gov,1211,96,7.93,0,91.44,8.56
R000580,N00004719,Peter,Roskam,1961-09-13,M,R,IL,12,,https://roskam.house.gov,1211,80,6.61,0,93.6,6.4
R000593,N00030645,Dennis,Ross,1959-10-18,M,R,FL,8,,https://dennisross.house.gov,1211,177,14.62,0,99.03,0.97
R000598,N00031253,Keith,Rothfus,1962-04-25,M,R,PA,6,,https://rothfus.house.gov,1211,4,0.33,0,96.92,3.08
R000603,N00033527,David,Rouzer,1972-02-16,M,R,NC,4,,https://rouzer.house.gov,1211,21,1.73,0,95.11,4.89
R000486,N00006671,Lucille,Roybal-Allard,1941-06-12,F,D,CA,26,,https://roybal-allard.house.gov,1211,32,2.64,1,98.26,1.74
R000487,N00008264,Edward,Royce,1951-10-12,M,R,CA,26,,https://royce.house.gov,1211,22,1.82,0,97.55,2.45
R000599,N00033510,Raul,Ruiz,1972-08-25,M,D,CA,6,,https://ruiz.house.gov,1211,5,0.41,2,94.63,5.37
R000576,N00025482,C.A. Dutch,Ruppersberger,1946-01-31,M,D,MD,16,,https://ruppersberger.house.gov,1211,24,1.98,2,94.55,5.45
R000515,N00004887,Bobby,Rush,1946-11-23,M,D,IL,26,,https://rush.house.gov,1211,268,22.13,0,96.41,3.59
R000604,N00036175,Steve,Russell,1963-05-25,M,R,OK,4,,https://russell.house.gov,1211,68,5.62,0,96.05,3.95
R000609,N00039777,John,Rutherford,1952-09-02,M,R,FL,2,,https://rutherford.house.gov,1211,67,5.53,0,96.57,3.43
R000570,N00004357,Paul,Ryan,1970-01-29,M,R,WI,20,Speaker of the House,https://paulryan.house.gov,1210,1182,97.69,0,100.0,3.85
R000577,N00025280,Tim,Ryan,1973-07-16,M,D,OH,16,,https://timryan.house.gov,1211,80,6.61,1,97.28,2.72
S001177,N00030418,Gregorio,Sablan,1955-01-19,M,D,MP,10,,https://sablan.house.gov,0,,,,,
S001156,N00024870,Linda,Sánchez,1969-01-28,F,D,CA,16,,https://lindasanchez.house.gov,1211,31,2.56,2,98.26,1.74
S000051,N00002424,Mark,Sanford,1960-05-28,M,R,SC,6,,https://sanford.house.gov,1211,40,3.3,16,83.78,16.22
S001168,N00027751,John,Sarbanes,1962-05-22,M,D,MD,12,,https://sarbanes.house.gov,1211,11,0.91,2,98.03,1.97
S001176,N00009660,Steve,Scalise,1965-10-06,M,R,LA,12,Majority Whip,https://scalise.house.gov,1211,353,29.15,0,99.41,0.59
S001205,N00042706,Mary,Scanlon,1959-08-30,F,D,PA,2,,https://scanlon.house.gov,84,1,1.19,0,98.78,1.22
S001145,N00004724,Jan,Schakowsky,1944-05-26,F,D,IL,20,,https://schakowsky.house.gov,1211,11,0.91,0,96.15,3.85
S001150,N00009585,Adam,Schiff,1960-06-22,M,D,CA,18,,https://schiff.house.gov,1211,6,0.5,1,98.47,1.53
S001190,N00033101,Brad,Schneider,1961-08-20,M,D,IL,2,,https://schneider.house.gov,1211,12,0.99,1,89.63,10.37
S001180,N00030071,Kurt,Schrader,1951-10-19,M,D,OR,10,,https://schrader.house.gov,1188,20,1.68,0,89.64,10.36
S001183,N00006460,David,Schweikert,1962-03-03,M,R,AZ,8,,https://schweikert.house.gov,1211,8,0.66,0,96.16,3.84
S000185,N00002147,Robert,Scott,1947-04-30,M,D,VA,26,,https://bobbyscott.house.gov,1211,12,0.99,1,96.4,3.6
S001157,N00024871,David,Scott,1945-06-27,M,D,GA,16,,https://davidscott.house.gov,1211,92,7.6,0,94.4,5.6
S001189,N00032457,Austin,Scott,1969-12-10,M,R,GA,8,,https://austinscott.house.gov,1211,24,1.98,0,97.38,2.62
S000244,N00004291,F.,Sensenbrenner,1943-06-14,M,R,WI,40,,https://sensenbrenner.house.gov,1211,22,1.82,0,94.17,5.83
S000248,N00001813,José,Serrano,1943-10-24,M,D,NY,30,,https://serrano.house.gov,1211,6,0.5,0,97.19,2.81
S000250,N00005681,Pete,Sessions,1955-03-22,M,R,TX,22,,https://sessions.house.gov,1211,16,1.32,0,99.07,0.93
S001185,N00030622,Terri,Sewell,1965-01-01,F,D,AL,8,,https://sewell.house.gov,1211,63,5.2,3,96.33,3.67
S001170,N00028091,Carol,Shea-Porter,1952-12-02,F,D,NH,8,,https://shea-porter.house.gov,1211,120,9.91,4,95.1,4.9
S000344,N00006897,Brad,Sherman,1954-10-24,M,D,CA,22,,https://sherman.house.gov,1211,16,1.32,2,95.53,4.47
S000364,N00004961,John,Shimkus,1958-02-21,M,R,IL,22,,https://shimkus.house.gov,1211,14,1.16,0,96.89,3.11
S001154,N00013770,Bill,Shuster,1961-01-10,M,R,PA,18,,https://shuster.house.gov,1211,147,12.14,0,96.51,3.49
S001148,N00006263,Mike,Simpson,1950-09-08,M,R,ID,20,,https://simpson.house.gov,1211,70,5.78,0,95.95,4.05
S001191,N00033983,Kyrsten,Sinema,1976-07-12,F,D,AZ,6,,https://www.sinema.senate.gov,1211,122,10.07,0,79.91,20.09
S001165,N00027523,Albio,Sires,1951-01-26,M,D,NJ,14,,https://sires.house.gov,1211,58,4.79,2,97.51,2.49
S000480,N00001311,Louise,Slaughter,1929-08-14,F,D,NY,32,,https://louise.house.gov,825,112,13.58,0,97.55,2.45
S000522,N00009816,Christopher,Smith,1953-03-04,M,R,NJ,38,,https://chrissmith.house.gov,1211,9,0.74,0,88.39,11.61
S000583,N00001811,Lamar,Smith,1947-11-19,M,R,TX,32,,https://lamarsmith.house.gov,1211,82,6.77,0,98.93,1.07
S001195,N00035282,Jason,Smith,1980-06-16,M,R,MO,6,,https://jasonsmith.house.gov,1211,27,2.23,0,95.84,4.16
S000510,N00007833,Adam,Smith,1965-06-15,M,D,WA,22,,https://adamsmith.house.gov,1211,32,2.64,1,95.82,4.18
S001172,N00027623,Adrian,Smith,1970-12-19,M,R,NE,12,,https://adriansmith.house.gov,1211,37,3.06,0,97.86,2.14
S001199,N00038781,Lloyd,Smucker,1964-01-23,M,R,PA,2,,https://smucker.house.gov,1211,15,1.24,0,96.81,3.19
S001200,N00037422,Darren,Soto,1978-02-25,M,D,FL,2,,https://soto.house.gov,1211,5,0.41,0,97.62,2.39
S001175,N00029649,Jackie,Speier,1950-05-14,F,D,CA,12,,https://speier.house.gov,1211,178,14.7,0,96.51,3.49
S001196,N00035523,Elise,Stefanik,1984-07-02,F,R,NY,4,,https://stefanik.house.gov,1211,6,0.5,0,91.41,8.59
S001192,N00033932,Chris,Stewart,1960-07-15,M,R,UT,6,,https://stewart.house.gov,1211,26,2.15,0,97.79,2.21
S001187,N00029574,Steve,Stivers,1965-03-24,M,R,OH,8,,https://stivers.house.gov,1211,76,6.28,0,93.09,6.91
S001201,N00038742,Thomas,Suozzi,1962-08-31,M,D,NY,2,,https://suozzi.house.gov,1211,37,3.06,0,91.0,9.0
S001193,N00033508,Eric,Swalwell,1980-11-16,M,D,CA,6,,https://swalwell.house.gov,1211,78,6.44,0,96.64,3.36
T000472,N00006701,Mark,Takano,1960-12-10,M,D,CA,6,,https://takano.house.gov,1211,23,1.9,2,96.2,3.8
T000477,N00031263,Scott,Taylor,1979-06-27,M,R,VA,2,,https://taylor.house.gov,1211,72,5.95,1,96.65,3.35
T000478,N00036351,Claudia,Tenney,1961-02-04,F,R,NY,2,,https://tenney.house.gov,1211,7,0.58,0,93.74,6.26
T000193,N00003288,Bennie,Thompson,1948-01-28,M,D,MS,26,,https://benniethompson.house.gov,1211,114,9.41,0,97.01,2.99
T000460,N00007419,Mike,Thompson,1951-01-24,M,D,CA,20,,https://mikethompson.house.gov,1211,25,2.06,2,96.27,3.73
T000467,N00029736,Glenn,Thompson,1959-07-27,M,R,PA,10,,https://thompson.house.gov,1211,10,0.83,0,93.39,6.61
T000238,N00006052,William,Thornberry,1958-07-15,M,R,TX,24,,https://thornberry.house.gov,1211,26,2.15,0,98.22,1.78
T000462,N00009699,Pat,Tiberi,1962-10-21,M,R,OH,18,,https://tiberi.house.gov/,728,88,12.09,0,95.29,4.71
T000470,N00027509,Scott,Tipton,1956-11-09,M,R,CO,8,,https://tipton.house.gov,1211,22,1.82,0,93.41,6.59
T000468,N00030191,Dina,Titus,1950-05-23,F,D,NV,6,,https://titus.house.gov,1211,94,7.76,2,96.41,3.59
T000469,N00030196,Paul,Tonko,1949-06-18,M,D,NY,10,,https://tonko.house.gov,1211,10,0.83,42,96.49,3.51
T000474,N00036107,Norma,Torres,1965-04-04,F,D,CA,4,,https://torres.house.gov,1211,25,2.06,1,97.31,2.69
T000475,N00035607,Dave,Trott,1960-10-16,M,R,MI,4,,https://trott.house.gov,1211,108,8.92,0,97.36,2.64
T000465,N00029026,Niki,Tsongas,1946-04-26,F,D,MA,12,,https://tsongas.house.gov,1211,154,12.72,1,97.28,2.72
T000463,N00025175,Michael,Turner,1960-01-11,M,R,OH,16,,https://turner.house.gov,1211,34,2.81,0,92.91,7.09
U000031,N00004133,Fred,Upton,1953-04-23,M,R,MI,32,,https://upton.house.gov,1211,30,2.48,0,90.81,9.19
V000129,N00033367,David,Valadao,1977-04-14,M,R,CA,6,,https://valadao.house.gov,1211,24,1.98,0,93.23,6.77
V000130,N00007021,Juan,Vargas,1961-03-07,M,D,CA,6,,https://vargas.house.gov,1211,44,3.63,0,97.01,2.99
V000131,N00033839,Marc,Veasey,1971-01-03,M,D,TX,6,,https://veasey.house.gov,1211,10,0.83,2,95.89,4.11
V000132,N00034349,Filemon,Vela,1963-02-13,M,D,TX,6,,https://vela.house.gov,1211,72,5.95,0,92.16,7.84
V000081,N00001102,Nydia,Velázquez,1953-03-28,F,D,NY,26,,https://velazquez.house.gov,1211,35,2.89,0,96.77,3.23
V000108,N00003813,Peter,Visclosky,1949-08-13,M,D,IN,34,,https://visclosky.house.gov,1211,51,4.21,0,97.17,2.83
W000812,N00033106,Ann,Wagner,1962-09-13,F,R,MO,6,,https://wagner.house.gov,1211,46,3.8,0,98.53,1.47
W000798,N00026368,Tim,Walberg,1951-04-12,M,R,MI,8,,https://walberg.house.gov,1211,2,0.17,0,95.43,4.57
W000791,N00007690,Greg,Walden,1957-01-10,M,R,OR,20,,https://walden.house.gov,1211,7,0.58,0,95.66,4.34
W000819,N00035311,Mark,Walker,1969-05-20,M,R,NC,4,,https://walker.house.gov,1211,34,2.81,0,96.93,3.07
W000813,N00031226,Jackie,Walorski,1963-08-17,F,R,IN,6,,https://walorski.house.gov,1211,9,0.74,0,98.58,1.42
W000820,N00035391,Mimi,Walters,1962-05-14,F,R,CA,4,,https://walters.house.gov,1211,83,6.85,0,98.93,1.07
W000799,N00027467,Tim,Walz,1964-04-06,M,D,MN,12,,https://walz.house.gov,1211,395,32.62,0,95.11,4.89
W000797,N00026106,Debbie,Wasserman Schultz,1966-09-27,F,D,FL,14,,https://wassermanschultz.house.gov,1211,76,6.28,2,96.75,3.25
W000187,N00006690,Maxine,Waters,1938-08-15,F,D,CA,28,,https://waters.house.gov,1211,54,4.46,2,96.11,3.89
W000822,N00036158,Bonnie,Watson Coleman,1945-02-06,F,D,NJ,4,,https://watsoncoleman.house.gov,1211,19,1.57,1,95.95,4.05
W000814,N00033539,Randy,Weber,1953-07-02,M,R,TX,6,,https://weber.house.gov,1211,22,1.82,0,95.1,4.9
W000806,N00026335,Daniel,Webster,1949-04-27,M,R,FL,8,,https://webster.house.gov,1211,126,10.4,0,97.22,2.78
W000800,N00000515,Peter,Welch,1947-05-02,M,D,VT,12,,https://welch.house.gov,1211,26,2.15,1,96.53,3.47
W000815,N00033310,Brad,Wenstrup,1958-06-17,M,R,OH,6,,https://wenstrup.house.gov,1211,19,1.57,0,96.8,3.2
W000821,N00035527,Bruce,Westerman,1967-11-18,M,R,AR,4,,https://westerman.house.gov,1211,7,0.58,0,98.0,2.0
W000826,N00041997,Susan,Wild,1957-06-07,F,D,PA,2,,https://wild.house.gov,79,10,12.66,0,100.0,0.0
W000816,N00030602,Roger,Williams,1949-09-13,M,R,TX,6,,https://williams.house.gov,1211,16,1.32,0,97.39,2.61
W000795,N00024809,Joe,Wilson,1947-07-31,M,R,SC,18,,https://joewilson.house.gov,1211,15,1.24,0,98.32,1.68
W000808,N00030650,Frederica,Wilson,1942-11-05,F,D,FL,8,,https://wilson.house.gov,1211,182,15.03,3,97.23,2.77
W000804,N00029459,Robert,Wittman,1959-02-03,M,R,VA,12,,https://wittman.house.gov,1211,15,1.24,0,95.47,4.53
W000809,N00031857,Steve,Womack,1957-02-18,M,R,AR,8,,https://womack.house.gov,1211,0,0.0,0,98.51,1.49
W000810,N00032416,Rob,Woodall,1970-02-11,M,R,GA,8,,https://woodall.house.gov,1211,17,1.4,0,94.28,5.72
Y000062,N00028073,John,Yarmuth,1947-11-04,M,D,KY,12,,https://yarmuth.house.gov,1211,41,3.39,2,97.2,2.8
Y000063,N00031502,Kevin,Yoder,1976-01-08,M,R,KS,8,,https://yoder.house.gov,1211,18,1.49,0,94.69,5.31
Y000065,N00033220,Ted,Yoho,1955-04-13,M,R,FL,6,,https://yoho.house.gov,1211,47,3.88,0,94.74,5.26
Y000033,N00007999,Don,Young,1933-06-09,M,R,AK,46,,https://donyoung.house.gov,1211,44,3.63,0,90.89,9.11
Y000066,N00035509,David,Young,1968-05-11,M,R,IA,4,,https://davidyoung.house.gov,1211,0,0.0,0,97.01,2.99
Z000017,N00029404,Lee,Zeldin,1980-01-30,M,R,NY,4,,https://zeldin.house.gov,1211,35,2.89,0,94.19,5.81
Z000018,N00035616,Ryan,Zinke,1961-11-01,M,R,MT,4,,https://zinke.house.gov,109,90,82.57,0,100.0,0.0
A000368,N00030980,Kelly,Ayotte,1968-06-27,F,R,NH,5,,http://www.ayotte.senate.gov,502,7,1.39,0,80.86,19.14
B000711,N00006692,Barbara,Boxer,1940-11-11,F,D,CA,23,,https://www.boxer.senate.gov,502,67,13.35,0,95.09,4.91
C000542,N00003845,Daniel,Coats,1943-05-16,M,R,IN,5,,http://www.coats.senate.gov,502,15,2.99,0,92.47,7.53
K000360,N00012539,Mark,Kirk,1959-09-15,M,R,IL,7,,https://www.kirk.senate.gov,502,31,6.18,0,78.57,21.43
M000702,N00001945,Barbara,Mikulski,1936-07-20,F,D,MD,29,,https://www.mikulski.senate.gov,502,27,5.38,0,97.43,2.57
R000146,N00009922,Harry,Reid,1939-12-02,M,D,NV,29,,http://www.reid.senate.gov,502,61,12.15,0,96.06,3.94
V000127,N00009659,David,Vitter,1961-05-03,M,R,LA,11,,https://www.vitter.senate.gov,502,76,15.14,0,92.12,7.88
A000373,N00005293,Brad,Ashford,1949-11-10,M,D,NE,2,,https://ashford.house.gov,1325,14,1.06,0,78.57,21.36
B001271,N00031934,Dan,Benishek,1952-04-20,M,R,MI,6,,http://benishek.house.gov,1325,4,0.3,0,92.83,7.09
B000589,N00003675,John,Boehner,1949-11-17,M,R,OH,26,,http://boehner.house.gov,580,564,97.24,0,84.62,15.38
B001255,N00026595,Charles,Boustany,1956-02-21,M,R,LA,12,,http://boustany.house.gov,1325,17,1.28,0,95.99,3.93
B000911,N00002713,Corrine,Brown,1946-11-11,F,D,FL,24,,https://corrinebrown.house.gov,1325,187,14.11,0,96.08,3.83
C001036,N00007232,Lois,Capps,1938-01-10,F,D,CA,20,,http://capps.house.gov,1325,61,4.6,0,97.6,2.32
C001083,N00030736,John,Carney,1956-05-20,M,D,DE,6,,http://johncarney.house.gov,1325,36,2.72,0,95.45,4.47
C001102,N00035854,Curt,Clawson,1959-09-28,M,R,FL,4,,http://clawson.house.gov,1325,114,8.6,0,91.84,8.08
C001045,N00012739,Ander,Crenshaw,1944-09-01,M,R,FL,16,,https://crenshaw.house.gov,1325,26,1.96,0,94.66,5.19
D000613,N00031103,Robert,Dold,1971-06-19,M,R,IL,2,,https://dold.house.gov,1325,20,1.51,0,79.69,20.23
E000290,N00028249,Donna,Edwards,1958-06-28,F,D,MD,10,,http://donnaedwards.house.gov,1325,45,3.4,3,97.87,2.05
E000291,N00031513,Renee,Ellmers,1964-02-09,F,R,NC,6,,http://ellmers.house.gov,1325,132,9.96,0,94.51,5.4
F000030,N00007312,Sam,Farr,1941-07-04,M,D,CA,24,,http://farr.house.gov,1325,79,5.96,0,96.67,3.25
F000043,N00001746,Chaka,Fattah,1956-11-21,M,D,PA,22,,http://fattah.house.gov,1045,251,24.02,0,97.08,2.8
F000458,N00031141,Stephen,Fincher,1973-02-07,M,R,TN,6,,http://fincher.house.gov,1325,362,27.32,0,95.92,3.97
F000451,N00027229,Michael,Fitzpatrick,1963-06-28,M,R,PA,6,,http://fitzpatrick.house.gov/,1325,54,4.08,0,84.62,15.31
F000456,N00029679,John,Fleming,1951-07-05,M,R,LA,8,,http://fleming.house.gov,1325,18,1.36,0,93.75,6.17
F000445,N00013799,J.,Forbes,1952-02-17,M,R,VA,16,,http://forbes.house.gov,1325,111,8.38,0,96.76,3.15
G000548,N00000743,Scott,Garrett,1959-07-09,M,R,NJ,14,,http://garrett.house.gov,1325,29,2.19,0,92.38,7.54
G000564,N00031998,Chris,Gibson,1964-05-13,M,R,NY,6,,http://gibson.house.gov,1325,12,0.91,0,77.28,22.64
G000575,N00035688,Gwen,Graham,1963-01-31,F,D,FL,2,,https://graham.house.gov,1325,2,0.15,0,87.31,12.61
G000556,N00028418,Alan,Grayson,1958-03-13,M,D,FL,4,,http://grayson.house.gov,1325,54,4.08,2,94.76,5.08
G000569,N00031401,Mike,Grimm,1970-02-07,M,R,NY,6,,http://grimm.house.gov,,,,,,
G000570,N00030801,Frank,Guinta,1970-09-26,M,R,NH,2,,https://guinta.house.gov,1325,23,1.74,0,94.81,5.11
H001063,N00006806,Janice,Hahn,1952-03-30,F,D,CA,6,,http://hahn.house.gov,1303,38,2.92,0,97.12,2.8
H001051,N00030197,Richard,Hanna,1951-01-25,M,R,NY,6,,http://hanna.house.gov,1325,120,9.06,0,83.65,16.18
H001070,N00035628,Cresent,Hardy,1957-06-23,M,R,NV,2,,https://hardy.house.gov,1325,29,2.19,0,95.26,4.67
H001055,N00031244,Joe,Heck,1961-10-30,M,R,NV,6,,https://dennyheck.house.gov/,1325,63,4.75,0,91.22,8.7
H000636,N00006008,Rubén,Hinojosa,1940-08-20,M,D,TX,20,,http://hinojosa.house.gov,1325,302,22.79,0,95.18,4.72
H001034,N00012611,Michael,Honda,1941-06-27,M,D,CA,16,,https://honda.house.gov,1325,23,1.74,0,96.19,3.73
H001057,N00027649,Tim,Huelskamp,1968-11-11,M,R,KS,6,,http://huelskamp.house.gov,1325,28,2.11,0,90.75,9.17
H001060,N00031265,Robert,Hurt,1969-06-16,M,R,VA,6,,https://hurt.house.gov,1325,52,3.92,0,96.28,3.64
I000057,N00013345,Steve,Israel,1958-05-30,M,D,NY,16,,http://israel.house.gov,1325,42,3.17,0,96.54,3.3
J000296,N00035717,David,Jolly,1972-10-31,M,R,FL,4,,http://jolly.house.gov,1325,77,5.81,2,88.45,11.47
K000368,N00029260,Ann,Kirkpatrick,1950-03-24,F,D,AZ,4,,http://kirkpatrick.house.gov,1325,139,10.49,0,89.35,10.56
K000363,N00004436,John,Kline,1947-09-06,M,R,MN,14,,http://kline.house.gov,1325,15,1.13,0,96.69,3.23
L000571,N00029788,Cynthia,Lummis,1954-09-10,F,R,WY,8,,http://lummis.house.gov,1325,30,2.26,0,92.61,7.32
M000404,N00009829,Jim,McDermott,1936-12-28,M,D,WA,28,,http://mcdermott.house.gov,1325,54,4.08,1,95.39,4.53
M000689,N00002793,John,Mica,1943-01-27,M,R,FL,24,,http://mica.house.gov,1325,9,0.68,0,96.18,3.67
M001144,N00013846,Jeff,Miller,1959-06-27,M,R,FL,16,,http://jeffmiller.house.gov,1325,42,3.17,0,95.84,4.08
M001150,N00009795,Candice,Miller,1954-05-07,F,R,MI,14,,http://candicemiller.house.gov,1325,95,7.17,0,95.33,4.59
M001191,N00033091,Patrick,Murphy,1983-03-30,M,D,FL,4,,http://patrickmurphy.house.gov,1325,46,3.47,0,92.09,7.83
N000182,N00026043,Randy,Neugebauer,1949-12-24,M,R,TX,14,,http://randy.house.gov,1325,11,0.83,0,96.7,3.22
N000185,N00032441,Richard,Nugent,1951-05-26,M,R,FL,6,,https://nugent.house.gov,1325,180,13.58,0,93.4,6.51
N000186,N00031006,Alan,Nunnelee,1958-10-09,M,R,MS,6,,http://nunnelee.house.gov,,,,,,
P000596,N00029168,Pedro,Pierluisi,1959-04-26,M,D,PR,8,,http://pierluisi.house.gov,,,,,,
P000373,N00001633,Joe,Pitts,1939-10-10,M,R,PA,20,,http://pitts.house.gov,1325,35,2.64,0,96.8,3.13
R000053,N00000964,Charles,Rangel,1930-06-11,M,D,NY,46,,http://rangel.house.gov,1320,60,4.55,0,97.52,2.4
R000587,N00030968,Reid,Ribble,1956-04-05,M,R,WI,6,,http://ribble.house.gov,1325,42,3.17,0,93.01,6.91
R000589,N00030962,Scott,Rigell,1960-05-28,M,R,VA,6,,http://rigell.house.gov,1325,10,0.75,0,92.26,7.66
S000018,N00006446,Matt,Salmon,1958-01-21,M,R,AZ,4,,http://salmon.house.gov,1325,37,2.79,0,94.21,5.71
S000030,N00008274,Loretta,Sánchez,1960-01-07,F,D,CA,20,,http://lorettasanchez.house.gov,1325,388,29.28,0,95.14,4.75
S001179,N00029273,Aaron,Schock,1981-05-28,M,R,IL,8,,http://schock.house.gov,144,17,11.81,0,89.6,10.4
S001188,N00030891,Marlin,Stutzman,1976-08-31,M,R,IN,8,,http://stutzman.house.gov,1325,91,6.87,1,94.78,5.14
T000473,N00035535,Mark,Takai,1967-07-01,M,D,HI,2,,https://takai.house.gov,1181,421,35.65,0,97.07,2.8
W000796,N00026163,Lynn,Westmoreland,1950-04-02,M,R,GA,12,,http://westmoreland.house.gov,1325,232,17.51,0,93.91,6.0
W000413,N00003467,Edward,Whitfield,1943-05-25,M,R,KY,22,,http://whitfield.house.gov,1181,100,8.47,0,93.28,6.62
B000243,N00004643,Max,Baucus,1941-12-11,M,D,MT,35,,http://www.baucus.senate.gov,316,2,0.63,1,90.13,9.87
B001265,N00029901,Mark,Begich,1962-03-30,M,D,AK,5,,http://www.begich.senate.gov,657,49,7.46,0,95.72,4.28
C000286,N00002685,Saxby,Chambliss,1943-11-10,M,R,GA,11,,http://www.chambliss.senate.gov,657,77,11.72,4,87.15,12.85
C001100,N99999999,Jeffrey,Chiesa,1965-06-22,M,R,NJ,1,,,82,12,14.63,0,84.06,15.94
C000560,N00005601,Tom,Coburn,1948-03-14,M,R,OK,9,,http://www.coburn.senate.gov,657,131,19.94,0,87.79,12.21
C001099,N99999896,William,Cowan,1969-04-04,M,D,MA,1,,http://www.cowan.senate.gov,160,6,3.75,0,96.1,3.9
H001049,N00029617,Kay,Hagan,1953-05-26,F,D,NC,5,,http://www.hagan.senate.gov,657,17,2.59,0,94.84,5.16
H000206,N00004207,Tom,Harkin,1939-11-19,M,D,IA,29,,http://www.harkin.senate.gov,657,29,4.41,0,98.73,1.27
J000291,N00029444,Mike,Johanns,1950-06-18,M,R,NE,5,,http://www.johanns.senate.gov,657,38,5.78,0,92.9,7.1
J000177,N00010084,Tim,Johnson,1946-12-28,M,D,SD,17,,http://www.johnson.senate.gov,657,4,0.61,0,98.47,1.53
K000148,N00000245,John,Kerry,1943-12-11,M,D,MA,29,,,11,6,54.55,1,80.0,20.0
L000550,N00005395,Mary,Landrieu,1955-11-23,F,D,LA,17,,http://www.landrieu.senate.gov,657,72,10.96,0,94.19,5.81
L000123,N00000659,Frank,Lautenberg,1924-01-23,M,D,NJ,29,,http://www.lautenberg.senate.gov/,139,106,76.26,0,96.97,3.03
L000261,N00001691,Carl,Levin,1934-06-28,M,D,MI,35,,http://www.levin.senate.gov,657,14,2.13,1,97.98,2.02
P000590,N00013823,Mark,Pryor,1963-01-10,M,D,AR,11,,http://www.pryor.senate.gov,657,36,5.48,0,92.11,7.89
R000361,N00001685,John,Rockefeller,1937-06-18,M,D,WV,29,,http://www.rockefeller.senate.gov,657,82,12.48,0,98.43,1.57
U000038,N00008051,Mark,Udall,1950-07-18,M,D,CO,6,,http://www.markudall.senate.gov,657,37,5.63,0,98.39,1.61
W000818,N00035686,John,Walsh,1960-11-03,M,D,MT,1,,http://www.walsh.senate.gov,340,1,0.29,0,97.64,2.36
A000361,N00025464,Rodney,Alexander,1946-12-05,M,R,LA,12,,,490,12,2.45,0,92.86,6.93
A000210,N00000826,Robert,Andrews,1957-08-04,M,D,NJ,26,,http://andrews.house.gov/,703,10,1.42,1,91.39,8.47
B001256,N00027493,Michele,Bachmann,1956-04-06,F,R,MN,8,,http://bachmann.house.gov,1204,96,7.97,0,94.38,5.53
B000013,N00008091,Spencer,Bachus,1947-12-28,M,R,AL,22,,http://bachus.house.gov,1204,31,2.57,0,93.33,6.59
B001279,N00033981,Ron,Barber,1945-08-25,M,D,AZ,4,,http://barber.house.gov,1204,33,2.74,0,76.25,23.67
B001252,N00026080,John,Barrow,1955-10-31,M,D,GA,10,,http://barrow.house.gov,1204,0,0.0,0,68.43,31.49
B001280,N00033625,Kerry,Bentivolio,1951-10-06,M,R,MI,2,,http://bentivolio.house.gov,1204,6,0.5,0,91.79,8.13
B001242,N00025413,Timothy,Bishop,1950-06-01,M,D,NY,12,,http://timbishop.house.gov,1204,10,0.83,1,92.23,7.69
B001244,N00025330,Jo,Bonner,1959-11-19,M,R,AL,12,,http://bonner.house.gov/,447,33,7.38,0,92.48,7.28
B001259,N00027464,Bruce,Braley,1957-10-30,M,D,IA,8,,http://braley.house.gov,1204,34,2.82,0,91.13,8.79
B001262,N00028986,Paul,Broun,1946-12-07,M,R,GA,8,,http://broun.house.gov,1204,36,2.99,1,82.73,17.18
C000071,N00008086,Dave,Camp,1953-07-09,M,R,MI,24,,http://camp.house.gov,1204,21,1.74,0,96.26,3.65
C001064,N00027565,John,Campbell,1955-07-19,M,R,CA,10,,http://www.campbell.house.gov,1204,527,43.77,0,94.52,5.33
C001046,N00013131,Eric,Cantor,1963-06-06,M,R,VA,14,,http://cantor.house.gov/,1120,81,7.23,0,95.27,4.64
C000380,N00000133,Donna,Christensen,1945-09-19,F,D,VI,18,,http://donnachristensen.house.gov,0,0,0.0,0,0.0,
C000556,N00002247,Howard,Coble,1931-03-18,M,R,NC,30,,http://coble.house.gov,1204,175,14.53,0,96.48,3.42
D000355,N00001783,John,Dingell,1926-07-08,M,D,MI,60,,http://dingell.house.gov,1204,112,9.3,1,94.28,5.63
E000172,N00005090,Jo Ann,Emerson,1950-09-16,F,R,MO,20,,,25,13,52.0,0,90.91,0.0
E000292,N00034884,Bill,Enyart,1949-09-22,M,D,IL,2,,http://enyart.house.gov,1204,33,2.74,1,89.16,10.76
F000010,N00007632,Eni,Faleomavaega,1943-08-15,M,D,AS,26,,http://faleomavaega.house.gov,0,0,0.0,0,0.0,
G000572,N00033541,Pete,Gallego,1961-12-02,M,D,TX,2,,http://gallego.house.gov,1204,22,1.83,1,81.48,18.43
G000573,N00029908,Joe,Garcia,1963-10-12,M,D,FL,2,,http://garcia.house.gov,1204,42,3.49,1,85.33,14.58
G000549,N00025025,Jim,Gerlach,1955-02-25,M,R,PA,12,,http://gerlach.house.gov,1204,31,2.57,0,90.58,9.33
G000550,N00024760,Phil,Gingrey,1942-07-10,M,R,GA,12,,http://gingrey.house.gov,1204,129,10.71,0,94.67,5.23
G000567,N00031297,Tim,Griffin,1968-08-21,M,R,AR,4,,http://griffin.house.gov,1204,25,2.08,0,93.95,5.96
H000067,N00005645,Ralph,Hall,1923-05-03,M,R,TX,34,,http://ralphhall.house.gov,1204,89,7.39,0,94.32,5.59
H000329,N00009157,Doc,Hastings,1941-02-07,M,R,WA,20,,http://hastings.house.gov,1204,24,1.99,0,94.38,5.53
H001032,N00000860,Rush,Holt,1948-10-15,M,D,NJ,16,,http://holt.house.gov,1204,156,12.96,1,93.75,6.15
H001066,N00033638,Steven,Horsford,1973-04-29,M,D,NV,2,,http://horsford.house.gov,1204,161,13.37,1,95.45,4.45
K000220,N00002656,Jack,Kingston,1955-04-24,M,R,GA,22,,http://kingston.house.gov,1204,168,13.95,0,95.16,4.75
L000111,N00004227,Tom,Latham,1948-07-14,M,R,IA,20,,http://latham.house.gov,1204,13,1.08,0,91.32,8.6
M001171,N00027891,Dan,Maffei,1968-07-04,M,D,NY,2,,http://maffei.house.gov,1204,9,0.75,1,80.68,19.24
M001142,N00009753,Jim,Matheson,1960-03-21,M,D,UT,14,,http://matheson.house.gov,1204,14,1.16,0,60.88,39.03
M001192,N00035593,Vance,McAllister,1974-01-07,M,R,LA,2,,http://mcallister.house.gov,594,52,8.75,0,94.81,5.19
M000309,N00001148,Carolyn,McCarthy,1944-01-05,F,D,NY,18,,http://carolynmccarthy.house.gov,1204,698,57.97,1,93.84,5.96
M000485,N00002356,Mike,McIntyre,1956-08-06,M,D,NC,18,,http://mcintyre.house.gov,1204,56,4.65,1,67.6,32.31
M000508,N00006882,Howard,McKeon,1938-09-09,M,R,CA,22,,http://mckeon.house.gov,1204,52,4.32,0,93.37,6.54
M001149,N00024770,Michael,Michaud,1955-01-18,M,D,ME,12,,http://michaud.house.gov,1204,6,0.5,1,93.77,6.14
M000725,N00007390,George,Miller,1945-05-17,M,D,CA,40,,http://georgemiller.house.gov,1204,105,8.72,0,91.57,8.34
M001139,N00006954,Gary,Miller,1948-10-16,M,R,CA,16,,http://garymiller.house.gov,1204,417,34.63,0,95.92,3.95
M000933,N00002083,James,Moran,1945-05-16,M,D,VA,24,,http://moran.house.gov,1204,64,5.32,1,93.55,6.37
N000187,N00033509,Gloria,Negrete McLeod,1941-09-06,F,D,CA,2,,http://negretemcleod.house.gov,1204,184,15.28,3,93.17,6.73
O000169,N00031011,Bill,Owens,1949-01-20,M,D,NY,6,,http://owens.house.gov,1204,19,1.58,32,75.66,24.26
P000099,N00006397,Ed,Pastor,1943-06-28,M,D,AZ,24,,http://www.pastor.house.gov,1204,147,12.21,0,92.56,7.34
P000265,N00004426,Tom,Petri,1940-05-28,M,R,WI,36,,http://petri.house.gov,1204,6,0.5,0,91.79,8.13
R000596,N00034017,Trey,Radel,1976-04-20,M,R,FL,2,,http://radel.house.gov/,664,62,9.34,0,88.98,10.85
R000011,N00002198,Nick,Rahall,1949-05-20,M,D,WV,38,,http://rahall.house.gov,1204,12,1.0,0,75.47,24.45
R000572,N00009668,Mike,Rogers,1963-06-02,M,R,MI,14,,https://mikerogers.house.gov/,1204,80,6.64,0,95.08,4.83
R000594,N00031988,Jon,Runyan,1973-11-27,M,R,NJ,4,,http://runyan.house.gov,1204,72,5.98,0,89.71,10.2
S001162,N00001579,Allyson,Schwartz,1948-10-03,F,D,PA,8,,http://schwartz.house.gov,1204,217,18.02,1,96.02,3.88
S001186,N00031204,Steve,Southerland,1965-10-10,M,R,FL,4,,http://southerland.house.gov,1204,15,1.25,0,96.03,3.89
S000937,N00005918,Steve,Stockman,1956-11-14,M,R,TX,2,,http://stockman.house.gov,1204,71,5.9,1,85.58,14.34
T000459,N00005321,Lee,Terry,1962-01-29,M,R,NE,16,,http://leeterry.house.gov,1204,8,0.66,0,92.45,7.47
T000266,N00000226,John,Tierney,1951-09-18,M,D,MA,18,,http://tierney.house.gov,1204,40,3.32,1,93.43,6.49
W000207,N00002328,Melvin,Watt,1945-08-26,M,D,NC,22,,http://watt.house.gov/,641,29,4.52,1,95.03,4.8
W000215,N00001861,Henry,Waxman,1939-09-12,M,D,CA,40,,http://waxman.house.gov,1204,84,6.98,1,95.59,4.32
W000672,N00002073,Frank,Wolf,1939-01-30,M,R,VA,34,,http://wolf.house.gov,1204,24,1.99,0,91.66,8.26
Y000031,N00001817,C. W. Bill,Young,1930-12-16,M,R,FL,44,,,550,177,32.18,0,91.4,8.33
